Adam	0
Aimee	1
Alan	1
Albert	1
Alec	1
Alexandra	0
Alice	0
Alicia	0
Alison	0
Ally	0
Alyssa	0
Amber	0
Amy	0
Anastasia	0
Andre	1
Andreas	1
Andrew	1
Andy	1
Angela	0
Anna	0
Anne	0
Annie	0
Anthony	1
Barbara	0
Belinda	0
Ben	1
Benjamin	1
Benji	1
Bill	1
Billy	1
Bob	1
Brad	1
Brandii	0
Brandon	1
Bree	0
Brendan	1
Brian	1
Bridgette	0
Bryan	1
Candace	0
Carl	1
Carol	0
Carrie	0
Casey	1
Casey	0
Cathy	1
Charles	1
Charlie	1
Charlotte	0
Chelsea	0
Chris	1
Chrissie	1
Christina	1
Christine	1
Cicely	1
Cindy	1
Clara	1
Cloris	1
Corey	0
Damon	0
Dan	0
Daniel	0
Daniele	1
Daphne	1
Darren	1
Daryl	0
Dave	0
Davey	0
David	0
Debbie	1
Debra	1
Dennis	0
Desmond	0
Diane	1
Dick	0
Doris	1
Ruth	1
Dustin	0
Dwight	0
Earth	1
Ed	0
Eddie	0
Edwin	0
Elizabeth	1
Elvis	0
Emily	1
Emmylou	1
Eric	0
Erykah	1
Farin	0
Fiona	1
Forest	0
Fred	0
Gary	0
Geoff	0
Geoffrey	0
George	0
Gladys	1
Gloria	1
Grace	1
Hank	0
Hayley	1
Heather	1
helen	1
Henry	0
Howard	0
India	1
Jack	0
Jade	1
Jamie	1
Jane	1
Jarrett	1
Jean	0
Jean-Jacques	0
Jeff	0
Jen	1
Jennie	1
Jeph	0
Jerry	0
Jillian	1
Jim	0
Jo	0
Joanna	0
Joanne	0
Joaquin	1
Jodie	0
Joe	0
Joel	0
Johanna	1
John	0
Johnny	0
Josh	0
Jude	1
Julianna	1
Julie	1
Justine	0
Katherine	1
Kathy	1
Kelly	1
Kerrie	1
Kevin	0
Khaled	0
Kim	1
Kim	0
Kirk	0
Kristen	1
Kristinia	1
Larry	0
Lauren	1
Lawrence	0
Leo	0
Leonard	0
Leroy	0
Leslie	1
Linda	1
Lindsay	1
Lisa	1
Lori	1
Lucy	1
Luigi	0
Margi	1
Mariel	1
Marina	1
Martha	1
Martina	1
Marv	0
Matt	0
Melanie	1
Meridith	1
Michelle	1
Mike	0
Milo	0
Milton	0
Missy	1
Mohandas	1
Monica	1
Murray	0
Mutt	0
Nastassja	1
Natalie	1
Nellie	1
Nicky	0
Niels	0
Nigel	0
Orlando	0
Pat	0
Paul	1
Paula	0
Persia	1
Peter	0
Phil	0
Phylicia	1
Rachel	1
Radha	1
Reed	0
Richard	0
Rick	0
Rider	0
Rikki	0
Ringo	0
River	1
Robert	0
Robyn	0
Roger	0
Romy	0
Rosanna	1
Roshumba	1
Ruben	0
Rudy	1
Russell	0
Ruth	1
Sabrina	1
Sal	1
Sally	1
Sam	0
Sara	1
Scott	0
Semantha	1
Sergei	0
Shalom	1
Shania	1
Shannon	1
Sharon	1
Sharon	0
Shaun	0
Sheryl	1
Shiri	1
Isaac	0
Spice	1
Stan	0
Stella	1
Stephanie	1
Steve	0
Summer	1
Sunny	0
Surya	1
Susannah	1
Suzanne	1
Sy	1
Sylvestor	0
Ted	0
Terrance	0
Terry	0
Thomas	0
Tobey	0
Todd	0
Tom	0
Tony	0
Tonya	1
Tracey	1
Traci	1
Travis	0
Upton	0
Valerie	1
Vanessa	1
Vesanto	0
Victoria	1
Vincent	0
Gogh	0
Madsen	0
Messina	1
Estes	1
Booth	0
Harrelson	1
Le	0
Yehudi	1
Ziggy	0
Zora	1André	0Alain	0Ange	0Aaron	0Alexis	0Alban	0Abel	0Achille	0Anicet	0Ahmed	0Alix	0Arcadius	0Aimable	0Adolphe	0Albin	0Alex	0Adam	0Alphonse	0Annick	0Albert	0Adrien	0Anouck	0Amand	0Anselme	0Alexandre	0Arcady	0Alfred	0Amoury	0Anthony	0Ali	0Aimé	0Ambroise	0Antoine	0Aldo	0Antonin	0Apollinaire	0Archibald	0Anaïs	0Abraham	0Anatole	0Armand	0Armel	0Arnaud	0Arnold	0Arsène	0Arthur	0Astrid	0Aubert	0Aubin	0Audrey	0Auguste	0Augustin	0Aurélien	0Avit	0Axel	0Aymar	0Aymeric	0Balthazar	0Barbe	0Barnabé	0Barnard	0Barthélémy	0Basile	0Bastien	0Baudouin	0Beatrix	0Benjamin	0Benoît	0Bérenger	0Bernard	0Bernardin	0Bertrand	0Betty	0Billy	0Blaise	0Boris	0Brice	0Brieuc	0Bruno	0Camille	0Carl	0Carlos	0Carmen	0Casimir	0Cédric	0Célestin	0César	0Chantal	0Charles	0Charley	0Charly	0Christian	0Claude	0Claudius	0Clément	0Clovis	0Colin	0Conrad	0Constant	0Constantin	0Corentin	0Cyprien	0Cyrille	0Daisy	0Damien	0Daniel	0Dany	0David	0Davy	0Déborah	0Denis	0Didier	0Diègo	0Dietrich	0Dimitri	0Dolorès	0Dominique	0Donald	0Donatien	0Dorian	0Doris	0Edgar	0Edith	0Edmond	0Edouard	0Elisabeth	0Eloi	0Emeric	0Emilien	0Emmanuel	0Eric	0Ernest	0Erwan	0Erwin	0Esteban	0Esther	0Etienne	0Sami	0Evrard	0Fabien	0Fanny	0Faustin	0Félicien	0Félix	0Ferdinand	0Fernand	0Firmin	0Flavien	0Florent	0Florentin	0Florian	0Francis	0Franck	0François	0Franz	0Freddy	0Frédéric	0Fulbert	0Gabin	0Gabriel	0Gaby	0Gaël	0Gaétan	0Gaspard	0Gaston	0Gautier	0Geoffroy	0Geoffrey	0Georges	0Gérald	0Gérard	0Géraud	0Germain	0Gervais	0Ghislain	0Gilbert	0Gildas	0Gilles	0Gino	0Giraud	0Gladys	0Godefroy	0Gontran	0Grégoire	0Grégori	0Grégory	0Guewen	0Guy	0Gwenn	0Gwénaël	0Hans	0Harold	0Hector	0Henri	0Herbert	0Hermès	0Hubert	0Hugo	0Hugues	0Humbert	0Ignace	0Igor	0Inès	0Ingrid	0Iris	0Isaac	0Ivan	0Jack	0Jacky	0Jacob	0Jacques	0James	0Jaouen	0Jean	0Jenny	0Jérémie	0Jézabel	0Jim	0Joachim	0Joël	0John	0Johnny	0Joris	0Joseph	0Judith	0Jules	0Julien	0Justin	0Karren	0Karin	0Katy	0Kévin	0Ladislas	0Laurent	0Léo	0Léon	0Léonard	0Léonce	0Léopold	0Lilian	0Lily	0Lionel	0Lisbeth	0Loïc	0Loïck	0Loïs	0Louis	0Loup	0Luc	0Lucas	0Lucien	0Ludovic	0Ludwig	0Maël	0Magali	0Maggy	0Malo	0Manon	0Manuel	0Marc	0Marceau	0Marcel	0Marcellin	0Marcien	0Marien	0Marin	0Marion	0Marius	0Mars	0Martial	0Martin	0Mathurin	0Matthias	0Matthieu	0Maud	0Max	0Maxime	0Maximilien	0Médard	0Médéric	0Mercédès	0Merlin	0Michel	0Mickaël	0Muriel	0Myriam	0Nancy	0Narcisse	0Nathanaël	0Nelly	0Nestor	0Nicolas	0Ninon	0Noël	0Norbert	0Octave	0Olaf	0Olivier	0Omer	0Oscar	0Oswald	0Otmar	0Pablo	0Paco	0Parfait	0Pascal	0Patrick	0Paul	0Paulin	0Peggy	0Peter	0Philibert	0Pierre	0Pierrick	0Placide	0Pol	0Prosper	0Quentin	0Rachel	0Ralph	0Raoul	0Raphaël	0Raymond	0Régis	0Rémi	0Renaud	0René	0Richard	0Robert	0Robin	0Robinson	0Roch	0Roger	0Roland	0Romain	0Romaric	0Roméo	0Romuald	0Ronald	0Ronan	0Karl	0Nathan	0Ismaïl	0Aziz	0Rosy	0Abdul	0Rozenn	0Salomon	0Samson	0Samuel	0Samy	0Saturnin	0Sébastien	0Séraphin	0Serge	0Séverin	0Siegfried	0Siméon	0Simil	0Simon	0Soizic	0Stanislas	0Stéphane	0Suzon	0Suzy	0Sylvain	0Sylvian	0Symphorien	0Tanguy	0Teddy	0Théodore	0Théophile	0Théroigne	0Thibaut	0Thierry	0Thomas	0Tino	0Urbain	0Ursule	0Valentin	0Valéry	0Vencelas	0Victor	0Victorien	0Victorin	0Vincent	0Vivian	0Vivien	0Vladimir	0Walter	0Wenceslas	0Werner	0Wilfried	0William	0Willy	0Wladimir	0Wolfgang	0Xavier	0Yann	0Yannick	0Yoann	0Youri	0Yvan	0Yves	0Yvon	0Zacharie	0Zéphirin	0Zéphyrin	0Jean-Baptiste	0Jean-Marc	0Jean-Jacques	0Jean-Marie	0Jean-Luc	0Jean-Sébastien	0Abby	0Abigaël	0Abigail	0Adelaïdo	0Adeleto	0Adelin	0Adèlo	0Adenor	0Adriano	0Aelaig	0Aelez	0Aelezig	0Agar	0Agato	0Agueto	0Ahès	0Aiago	0Aines	0Aïs	0Aitziber	0Alabato	0Alaïs	0Alaitz	0Alanez	0Albinnen	0Aleonor	0Alienor	0Alis	0Aliseto	0Alison	0Alisoun	0Alissen	0Alisson	0Alixen	0Allison	0Almas	0Alodi	0Alys	0Alyson	0Alysson	0Amabyllis	0Amal	0Amalur	0Amaryllis	0Ameli	0Amèlio	0Amets	0Ametz	0Amy	0Anaeaxi	0Anaik	0Anaitz	0Anamari	0Anani	0Anatxo	0Anboto	0Anderazu	0Andereko	0Anderezu	0Anderi	0Andion	0Andrenet	0Andriano	0Anetoun	0Angelu	0Ani	0Aniko	0Anisi	0Anitzi	0Anixet	0Aniz	0Ann	0Annabel	0Annaïc	0Annaig	0Annig	0Annouck	0Annouk	0Anny	0Ano	0Anouar	0Anouk	0Antoni	0Antouneto	0Anttoni	0Anuk	0Anuntzi	0Aodez	0Aodrenell	0Aodrenez	0Aouregan	0Aouregen	0Aouregon	0Aourell	0Aourellig	0Aourgen	0April	0Araziel	0Argi	0Argider	0Arrako	0Arreo	0Arrosali	0Artemis	0Arzelig	0Arzhelenn	0Arzhelez	0Arzhulenn	0Arzhurenn	0Ashley	0Athénaïs	0Aubéri	0Aubéry	0Aud	0Audry	0Auregan	0Auregann	0Auriko	0Aurken	0Avril	0Aylin	0Azalaïs	0Azenor	0Azenorig	0Aziliz	0Azis	0Babeleto	0Babet	0Bakartxo	0Barban	0Barbo	0Beatriz	0Bedaio	0Belen	0Bennigez	0Berc'hed	0Bergido	0Bernadeto	0Berny	0Béryl	0Bess	0Beth	0Betsy	0Betti	0Beverley	0Bielo	0Binenn	0Bioti	0Birgitt	0Bittori	0Blenienn	0Bleuenn	0Bleuzenn	0Bonny	0Brec'hed	0Bregido	0Briagenn	0Briagez	0Briegen	0Briegenn	0Brittany	0Calypso	0Candy	0Caralyn	0Carly	0Carol	0Caroulino	0Carren	0Cary	0Cassy	0Catalin	0Catarinet	0Catarino	0Cathel	0Cathleen	0Cathy	0Catoun	0Cécily	0Celino	0Chanel	0Chann	0Chantaloun	0Charlie	0Charloto	0Cherry	0Cheryl	0Chrissy	0Christabel	0Christel	0Christen	0Chrystal	0Cindy	0Clareto	0Claro	0Claroun	0Claudino	0Claury	0Cléo	0Clio	0Clother	0Cloutido	0Cloutildo	0Colleen	0Colly	0Corabel	0Coral	0Coralyn	0Crestino	0Cristel	0Crystal	0Crystel	0Cybel	0Cyndy	0Dagmar	0Dahud	0Dani	0Dari	0Darilyn	0Darleen	0Dawn	0Debby	0Delaïdo	0Delbin	0Delfino	0Delorès	0Deloris	0Delphy	0Demiku	0Denielez	0Dinah	0Dolly	0Domekato	0Domekatu	0Dorilis	0Dorothy	0Dorris	0Dorys	0Ebony	0Eden	0Edernez	0Efflammel	0Efflammell	0Efflammez	0Eflammez	0Egileor	0Egilior	0Egilor	0Egues	0Eider	0Eisabèu	0Eladio	0Eleanor	0Elen	0Eleni	0Eleno	0Elienor	0Elif	0Elinor	0Elisabet	0Eliso	0Elixabet	0Elixi	0Elizabeth	0Ellen	0Ellinor	0Elodi	0Elody	0Elorri	0Eloudìo	0Elsy	0Emerald	0Emily	0Emmy	0Emy	0Enes	0Enid	0Enor	0Enorig	0Eodez	0Eozenez	0Erin	0Erramu	0Errosali	0Erwanez	0Erynn	0Estebaniz	0Estebeni	0Estefano	0Estello	0Ester	0Estibalitz	0Estibariz	0Estieneto	0Ethel	0Ethelyn	0Etzi	0Eukeni	0Eulali	0Eulalìo	0Eulari	0Euriel	0Euriell	0Euxebi	0Evalyn	0Evelyn	0Evi	0Faith	0Fanchenn	0Faneto	0Fanfan	0Fani	0Fanni	0Fant	0Fantaou	0Fantig	0Fantou	0Fany	0Farah	0Faustino	0Fay	0Federico	0Fefino	0Felicity	0Felixi	0Fériel	0Ferrexon	0Fifi	0Fino	0Finon	0Flamell	0Flamellig	0Flamen	0Flamenig	0Fleur	0Flo	0Florentxi	0Flori	0Floris	0Flour	0Frances	0Franceso	0Francino	0Françoun	0Fred	0Frederico	0Gabrielo	0Gaedig	0Gaelaig	0Gaelig	0Gaid	0Gaidig	0Gail	0Gallez	0Gallezig	0Gallezou	0Garabi	0Garaitz	0Garazi	0Garbi	0Garsendis	0Gartzi	0Gato	0Gaxi	0Geaxi	0Genevivo	0Genny	0Geraxi	0Gerazi	0Gerry	0Gertrudis	0Giacinto	0Gigi	0Gillian	0Ginger	0Ginny	0Gisabel	0Gladez	0Gladezig	0Glady	0Glannon	0Glaudino	0Glaudo	0Gliaudo	0Glwadys	0Goizaldi	0Goizargi	0Goizeder	0Goulvenez	0Goulwenez	0Graisiko	0Graxi	0Graxit	0Grazi	0Grazianot	0Gretel	0Grethel	0Gueto	0Gurvanez	0Gwalduz	0Gwaldys	0Gwellalouen	0Gwen	0Gwendolen	0Gwendolyn	0Gwenivar	0Gwennaig	0Gwennanig	0Gwennen	0Gwennenn	0Gwennez	0Gwennig	0Gwennoal	0Gwenoalig	0Gwenolaig	0Gwenvael	0Gwenvred	0Gwenvrevi	0Gwilhamet	0Gwilhmet	0Gwladys	0Hannah	0Harmony	0Harriet	0Heather	0Hedi	0Hedy	0Hegazti	0Heidi	0Helen	0Heleni	0Hellen	0Helvi	0Henriet	0Heodez	0Hervevenn	0Hilargi	0Hilary	0Hinano	0Hinanui	0Hodei	0Hoelenn	0Hoki	0Houarnevenn	0Ibai	0Igaro	0Iloz	0Iltuden	0Iltudez	0Imen	0Indigo	0Ioulando	0Iraitz	0Irati	0Iraun	0Irès	0Iristain	0Isabeau	0Isabel	0Isabèu	0Iseult	0Isis	0Isold	0Itsaso	0Itxaro	0Itxaso	0Itzel	0Ivonig	0Izabel	0Izar	0Izaro	0Izold	0Jakelin	0Jaki	0Janamari	0Janekin	0Janello	0Janesh	0Janet	0Janetoun	0Janey	0Jani	0Janick	0Janig	0Janis	0Janneken	0Jannick	0Jano	0Jany	0Jaquelino	0Jeanneton	0Jeannick	0Jehannet	0Jengen	0Jennifer	0Jennin	0Jennyfer	0Jerry	0Jidazez	0Jildazez	0Jill	0Jo	0Joanano	0Joaneder	0Joanes	0Joaniku	0Johan	0Joritz	0Josafat	0Josian	0Jòusefino	0Joxin	0Joy	0Judicaël	0Judit	0Judy	0Juliet	0Justino	0Kali	0Kannaig	0Karel	0Karen	0Karmen	0Kashmir	0Katalin	0Katalinto	0Katarin	0Katell	0Katellig	0Katerin	0Kathleen	0Kathryn	0Kathy	0Kati	0Katleen	0Katou	0Katrin	0Kattalin	0Katti	0Kattin	0Kavanez	0Kavanin	0Kay	0Kelly	0Kennedy	0Keti	0Ketty	0Kim	0Kimberley	0Kirsten	0Kitty	0Klervi	0Klodin	0Kodes	0Kolunbano	0Kontxesi	0Kontxi	0Koulm	0Koulmenn	0Koulmez	0Kristel	0Kristen	0Kristin	0Krystel	0Laïdo	0Laig	0Lakendi	0Lali	0Lalìo	0Lalou	0Laloun	0Larrauri	0Lauènço	0Laureano	0Laureen	0Lauren	0Laureto	0Lauro	0Laury	0Lauryn	0Leah	0Lénaïc	0Lenaig	0Leni	0Lennig	0Leoni	0Leounoro	0Lesly	0Levenez	0Levenezig	0Lezig	0Lezou	0Libby	0Lid	0Liddy	0Lidig	0Lidy	0Lilas	0Lili	0Lilli	0Lilou	0Lindsay	0Lindy	0Lio	0Lis	0Lisabèu	0Liseto	0Lisig	0Lison	0Lisoun	0Liv	0Liz	0Lizaig	0Lizbeth	0Lizig	0Lo	0Lodi	0Loezaig	0Loloto	0Lontzi	0Loredi	0Lori	0Lory	0Lou	0Loudìo	0Louison	0Lucy	0Lulu	0Lur	0Lurdes	0Luxi	0Lynn	0Lysbeth	0Maaño	0Mabel	0Madalen	0Madaleno	0Madaloun	0Maddalen	0Maddi	0Maddy	0Madeloun	0Maden	0Madenn	0Madennig	0Madez	0Madezig	0Madezou	0Madin	0Madison	0Maei	0Maelaig	0Maelenn	0Maelez	0Maelezig	0Maëlig	0Maëlis	0Maëliss	0Maëlys	0Magari	0Magdalen	0Magod	0Magui	0Mahalt	0Mahaud	0Mahault	0Mahaut	0Mai	0Maialen	0Maider	0Mailen	0Mailennig	0Maïlis	0Maïlys	0Maior	0Maiorako	0Maïoun	0Maisy	0Maiteder	0Maiwen	0Maïwenn	0Malaury	0Malen	0Mall	0Mallaury	0Mallory	0Mally	0Malory	0Manaton	0Mandy	0Manel	0Maneno	0Mannaig	0Manoli	0Manu	0Manuelo	0Maodanig	0Maodannez	0Maor	0Marc'haïd	0Marc'harid	0Marei	0Margaid	0Margaret	0Margaux	0Margery	0Marget	0Margod	0Margot	0Margrit	0Mari	0Mariam	0Mariannig	0Mariaundi	0Mariaxuri	0Maribel	0Mariel	0Mariem	0Marieto	0Marigorri	0Mari-joan	0Mari-juan	0Mariko	0Marilou	0Marilyn	0Marilys	0Marìo	0Marioun	0Mariskol	0Marisol	0Maritxu	0Marivon	0Marivonig	0Marizol	0Marjory	0Martxelin	0Martzelin	0Mary	0Maryam	0Marylin	0Marylou	0Mathilt	0Matido	0Matildo	0Mattis	0Matty	0Matxalen	0Maudez	0Maureen	0May	0Maybel	0Mayi	0Maylis	0Mazhevenn	0Meg	0Megan	0Meggy	0Meghan	0Melanio	0Mélany	0Melenez	0Mélis	0Melody	0Mendi	0Mendy	0Menico	0Menicoun	0Mer	0Mérédith	0Mériem	0Mérillo	0Merryl	0Mertzedes	0Meryem	0Meryl	0Meryll	0Met	0Metig	0Mettild	0Mevenez	0Mi	0Miakim	0Mikelats	0Mildrey	0Milly	0Mimi	0Mioun	0Mirari	0Mirèio	0Mirel	0Miren	0Miriam	0Miriann	0Misty	0Mitsou	0Modanez	0Modanig	0Modesty	0Mojdeh	0Molly	0Moni	0Monik	0Monikot	0Monserrat	0Montserrat	0Morgan	0Morganez	0Morgannen	0Morvannen	0Myriem	0Nabarto	0Nadeto	0Naemi	0Naig	0Naïs	0Naneto	0Nano	0Naomi	0Nardjess	0Narimen	0Narjess	0Nat	0Natalìo	0Natalis	0Nazli	0Nedeleg	0Nell	0Nelli	0Nellig	0Neneg	0Nenog	0Netty	0Nevenez	0Nezig	0Nezli	0Nicky	0Ninian	0Ninnog	0Ninogan	0Ninoun	0Noalig	0Noëlly	0Noluen	0Nolven	0Nolvenn	0Nolwen	0Nolwenn	0Nolwennig	0Nonn	0Noreen	0Norig	0Nougay	0Nour	0Nymphas	0Oanell	0Oanellig	0Oanez	0Oanezig	0Odell	0Odelyn	0Odet	0Odil	0Okendo	0Onen	0Onenn	0Onnen	0Opal	0Oregan	0Oregen	0Oregon	0Oro	0Orosi	0Otsoko	0Ottabi	0Padernez	0Padrigez	0Pam	0Pantxo	0Paskel	0Paskell	0Pat	0Patsy	0Patti	0Patty	0Pauli	0Paulino	0Pearl	0Peg	0Penny	0Perez	0Perezig	0Perlezenn	0Phylis	0Phyllis	0Pierret	0Pilar	0Pipi	0Poehei	0Poeiti	0Poenui	0Poli	0Polly	0Privelez	0Prudentxi	0Prudentzi	0Prudy	0Querrien	0Quincey	0Quincy	0Pierig	0Peitroko	0Pelai	0Pablito	0Otxando	0Oan	0Oanig	0Nikolazig	0Rakel	0Raquel	0Reserl	0Resi	0Resli	0Reunanenn	0Reunanez	0Rivanon	0Riwalenn	0Riwalez	0Riwanenn	0Riwanez	0Riwannon	0Riwanon	0Romo	0Romy	0Ronanenn	0Ronanez	0Ronel	0Rony	0Ros	0Rosabel	0Rosali	0Rosalyn	0Rosemary	0Rosi	0Roso	0Rousalìo	0Rousino	0Rousselino	0Roxy	0Rozabel	0Rozennig	0Ruby	0Ruth	0Ruvonenn	0Ruvonez	0Sabadin	0Sabino	0Sagari	0Sally	0Sandi	0Sandy	0Saphir	0Sarah	0Saraï	0Savannah	0Sekundiano	0Selen	0Sezaig	0Shannon	0Shanon	0Sharon	0Shirley	0Shonah	0Sibel	0Sibyl	0Sidney	0Sido	0Sidony	0Sigourney	0Sigrid	0Silvìo	0Sindy	0Sinead	0Siobhan	0Sissi	0Sissy	0Soazic	0Soazick	0Soazig	0Soisick	0Soizick	0Soizig	0Sol	0Soledad	0Soleil	0Solen	0Solenn	0Solkem	0Solveig	0Sonny	0Sophy	0Sorauren	0Sorospen	0Soufio	0Soulanjo	0Stacey	0Stacy	0Stecy	0Steffi	0Steffy	0Steph	0Steredenn	0Steredennig	0Sterenn	0Sterennig	0Stessy	0Summer	0Susan	0Susy	0Sybil	0Talìo	0Tally	0Tam	0Tami	0Tammy	0Tamy	0Tanis	0Tannis	0Tao	0Tarah	0Tarai	0Tareen	0Taren	0Tarin	0Tarryn	0Taryn	0Tehani	0Teldou	0Terèso	0Terexi	0Terez	0Teri	0Terri	0Terry	0Teseu	0Tess	0Tessy	0Thais	0Thémis	0Tiarehau	0Tifanny	0Tifany	0Tifenn	0Tiffany	0Tildeto	0Till	0Tilly	0Tinaig	0Tiphany	0Tobby	0Toloño	0Tracey	0Tracy	0Trefin	0Trini	0Trudy	0Tualenn	0Tualez	0Tudalen	0Tudalenn	0Tudalez	0Txaro	0Txori	0Udazken	0Uriel	0Uriell	0Urrato	0Usebi	0Vainui	0Valorì	0Vanny	0Venaig	0Vénus	0Véro	0Verounico	0Viano	0Vicki	0Vicky	0Viki	0Violet	0Vitòri	0Viveto	0Viviano	0Vivo	0Vougay	0Wallis	0Wally	0Wendi	0Wendy	0Whitney	0Xabadin	0Xabat	0Xan	0Xanet	0Xantalen	0Xariko	0Xatalin	0Xaubadin	0Xexili	0Xixili	0Xobadin	0Xobat	0Xosan	0Xoxan	0Yanamari	0Yannez	0Yanouk	0Ysabel	0Yseult	0Yseut	0Ysold	0Zabal	0Zaig	0Zarah	0Zénon	0Zeto	0Zetou	0Zeynep	0Zineb	0Zohargi	0Zoilo	0Zorion	0Zoun	0Zuhaitz	0Abdullah	0Abélard	0Abelardo	0Abelin	0Abilio	0Abriel	0Absalon	0Achilles	0Adalard	0Adalbert	0Adamako	0Adameko	0Adamet	0Adamo	0Adamot	0Adan	0Addison	0Adei	0Adel	0Adelan	0Adélard	0Adelardo	0Adelbert	0Adelmard	0Adem	0Adémar	0Adiran	0Adolf	0Adolfino	0Adolfo	0Adon	0Adonis	0Adrial	0Adrian	0Adriel	0Adur	0Ael	0Agapetos	0Ageio	0Agenor	0Ager	0Agilbert	0Agiri	0Agosti	0Agostino	0Agosto	0Agustin	0Aguxtin	0Aïdan	0Aimar	0Aimard	0Aimeric	0Aimery	0Aimon	0Ainaut	0Aingeru	0Aitor	0Akil	0Akileo	0Akiles	0Akilino	0Akilles	0Al	0Alan	0Alano	0Alar	0Alaric	0Alarig	0Alastair	0Alatz	0Albain	0Albanino	0Albano	0Albar	0Albaro	0Albéric	0Alberico	0Alberik	0Albero	0Alberti	0Albertini	0Alberto	0Albi	0Albinig	0Aldous	0Aldric	0Aldrick	0Aldwin	0Alec	0Alejandro	0Alen	0Aler	0Alerig	0Ales	0Alesander	0Alessandro	0Alessio	0Alexander	0Alexandros	0Alexi	0Alexios	0Alexko	0Alexy	0Alfons	0Alfonso	0Alfontso	0Alfredino	0Alfredo	0Alisander	0Alissander	0Alistair	0Allan	0Allard	0Allen	0Aloïs	0Alonzo	0Alphonsin	0Alphonso	0Alsander	0Alvin	0Amadio	0Amadis	0Amador	0Amalric	0Amandin	0Amando	0Amaury	0Ambrosi	0Ambrosio	0Amedeo	0Amedo	0Amery	0Amiel	0Amigo	0Amory	0Amos	0Amour	0Anaël	0Ananias	0Anartz	0Anas	0Anastasio	0Anatol	0Anatoli	0Anatolio	0Anaut	0Ander	0Andolin	0Andoni	0Andréas	0Andréo	0Andres	0Andreu	0Andrev	0Andrew	0Andrieu	0Andrio	0Andriu	0Andy	0Angel	0Angeli	0Angelico	0Angelo	0Angelos	0Angelus	0Angles	0Anguéran	0Anis	0Annaeg	0Annaog	0Annibal	0Anselmo	0Antolin	0Antonien	0Antonio	0Antony	0Antounin	0Antton	0Antxo	0Antzo	0Aodren	0Aodrenig	0Aostin	0Apollo	0Apollon	0Apolo	0Apolon	0Apolonio	0Aquilles	0Araldo	0Archambaud	0Aresti	0Ariel	0Arii	0Aristides	0Aristofanes	0Ariston	0Aristophanes	0Arixo	0Arman	0Armando	0Armelin	0Arnald	0Arnaldo	0Arnalt	0Arnaltz	0Arnas	0Arnaut	0Arno	0Arnot	0Arrats	0Arremon	0Arseno	0Art	0Artan	0Arthis	0Artigan	0Artin	0Artizar	0Artus	0Artzai	0Arzhael	0Arzhaelig	0Arzhel	0Arzhelig	0Arzhul	0Arzhurig	0Arzhvael	0Arzhvaelig	0Asentzio	0Astigar	0Athos	0Atseden	0Atzo	0Audouard	0Audrain	0Audran	0Audren	0Audric	0Aufrey	0Aufroy	0Augier	0Augustino	0Augusto	0Aureliano	0Aurelio	0Aureo	0Auriol	0Auriolo	0Auru	0Austin	0Avel	0Avelain	0Avelig	0Avelin	0Avner	0Aymerick	0Balantin	0Balasi	0Baldwin	0Balendin	0Balentin	0Baler	0Baleren	0Baleri	0Baltasar	0Balthasar	0Baptist	0Baptistin	0Bardol	0Barnabas	0Barney	0Barthélémi	0Barthold	0Bartol	0Bartolo	0Bartoloméo	0Bartoumiéu	0Barttolo	0Basajaun	0Basil	0Basileus	0Basilio	0Basilius	0Bastian	0Bastin	0Batisto	0Batit	0Battit	0Baudoin	0Baxil	0Bayard	0Bazil	0Beitor	0Beitro	0Beitroko	0Belenger	0Beltran	0Beltxior	0Beltz	0Ben	0Benantzio	0Bénard	0Benat	0Bendix	0Benead	0Benedeit	0Benedetto	0Benedict	0Benedicto	0Benedikto	0Benin	0Benit	0Benito	0Benkamin	0Bennigan	0Benniged	0Benny	0Benyamin	0Béranger	0Berbiz	0Beriz	0Bernalt	0Bernardino	0Bernardo	0Bernart	0Bernat	0Bernez	0Bernhard	0Bertol	0Bertolo	0Bertolomeo	0Bertram	0Bertran	0Bertranet	0Bertranon	0Berttolo	0Bertulon	0Betelu	0Beti	0Betiri	0Betirito	0Bibian	0Bidari	0Bienvenu	0Bihar	0Bikendi	0Bikenti	0Bilal	0Bilel	0Bill	0Bingen	0Binig	0Birjaio	0Bital	0Bittor	0Bixintxo	0Bizent	0Blanc	0Blanco	0Blank	0Blanko	0Bleiz	0Bleizig	0Bleizou	0Bob	0Bobby	0Bon	0Bongot	0Bonifacio	0Bonifacius	0Bono	0Bradley	0Brahim	0Bran	0Brandan	0Brandon	0Brayan	0Brendan	0Brendanig	0Brent	0Brett	0Breval	0Brevalaer	0Brevalan	0Brewal	0Brewalan	0Briac	0Briag	0Brian	0Brieg	0Briegig	0Brieu	0Brigal	0Brivael	0Brivel	0Briwal	0Briz	0Bryan	0Callisto	0Calvin	0Camélien	0Cameron	0Camil	0Camilien	0Camillo	0Candidus	0Carles	0Carlo	0Carlus	0Carmel	0Carmelo	0Casar	0Caspar	0Casper	0Cassien	0Cassio	0Cassius	0Cébus	0Cecil	0Cecilian	0Cécilio	0Cédrick	0Celestino	0Celestu	0Celestyn	0Célian	0Celien	0Cesareu	0Cesarinu	0Cesario	0Cesariu	0Cesarius	0Cesaru	0Charlez	0Charlig	0Charlot	0Charlou	0Charlton	0Chris	0Christobal	0Christopher	0Cibranet	0Ciprian	0Ciprianet	0Ciril	0Cirillo	0Cisar	0Cisariu	0Clark	0Claudien	0Claudio	0Clémentin	0Colas	0Colestin	0Collin	0Conan	0Conogan	0Constantino	0Constentin	0Corentino	0Cornel	0Corneli	0Cornelien	0Cornelio	0Cornely	0Corto	0Cosmos	0Crestian	0Crispin	0Cristiano	0Cristino	0Cristobal	0Cristof	0Cristoù	0Curtis	0Cyprian	0Cyril	0Cyrillus	0Cyrus	0Dadar	0Damatit	0Damen	0Damian	0Damias	0Dan	0Danel	0Danias	0Danilo	0Danny	0Dario	0Darius	0Darrel	0Darren	0Darryl	0Dauphin	0Dàvi	0Davis	0Davit	0Dean	0Debus	0Delfin	0Delphin	0Demetrio	0Demetrios	0Demetrius	0Denez	0Deniel	0Denielig	0Deniz	0Dennis	0Denny	0Denoel	0Denoelig	0Denys	0Derek	0Deri	0Déric	0Derrick	0Derrien	0Desidario	0Desiderius	0Desmond	0Deunoro	0Devi	0Dewi	0Dick	0Dider	0Dieter	0Dilan	0Dimitry	0Dino	0Dioni	0Dionisio	0Divi	0Dom	0Domengo	0Domenico	0Domien	0Domiku	0Dominic	0Dominig	0Dominix	0Domitian	0Domitien	0Don	0Donal	0Donan	0Donasian	0Donasien	0Donat	0Donatello	0Donatian	0Donatio	0Donato	0Donovan	0Doryan	0Douglas	0Dovi	0Driss	0Duncan	0Dunixi	0Dustin	0Dylan	0Dyonisos	0Eddy	0Eder	0Edern	0Edernig	0Edgard	0Edingu	0Edmondo	0Edmund	0Edouardo	0Edrigu	0Eduard	0Eduin	0Edur	0Edvard	0Edvin	0Edvino	0Edward	0Edwin	0Efflam	0Efflamm	0Efflammig	0Eflamig	0Egat	0Egmond	0Egmont	0Egmund	0Egoitz	0Egon	0Eguen	0Eguerdi	0Egun	0Eguntsenti	0Eguzki	0Ehoarn	0Ehouarn	0Ekain	0Ekaitz	0Elazar	0Eléazar	0Eleuterio	0Eleuteriu	0Eleuterius	0Eleutherio	0Eli	0Elian	0Elias	0Eliaz	0Eliez	0Eliezer	0Eliot	0Eliott	0Eliseo	0Elliot	0Elliott	0Ellis	0Elmer	0Elmo	0Elmu	0Elodio	0Elorn	0Elouan	0Elouen	0Eloy	0Elvan	0Elven	0Elvin	0Elvis	0Elzéar	0Emanuel	0Emerik	0Emery	0Emidio	0Emil	0Emilian	0Emiliano	0Emilio	0Emilion	0Eneko	0Eneour	0Engelbert	0Englebert	0Enguerran	0Enguerrand	0Enogad	0Enogat	0Enored	0Enri	0Enrico	0Enriko	0Enzo	0Eozen	0Eozenn	0Eozennig	0Eozennou	0Erasmo	0Erasmus	0Erick	0Erico	0Erik	0Eriz	0Erlantz	0Ernesto	0Ernestus	0Eron	0Erraimun	0Erramun	0Errapel	0Erremon	0Errolan	0Erroman	0Error	0Erruki	0Errupin	0Erwanig	0Erwann	0Esaias	0Esau	0Eskuin	0Estanis	0Esteben	0Estefan	0Estepan	0Estevan	0Estin	0Etor	0Eudelin	0Eudes	0Eugénien	0Eugenio	0Eugenius	0Eulogio	0Euphemio	0Eusebio	0Eusèbiu	0Eusèbius	0Eutropio	0Euzen	0Evan	0Evaristo	0Even	0Everard	0Evon	0Evraud	0Ewan	0Ewen	0Exemen	0Exuperi	0Exuperio	0Fabianus	0Fabio	0Fabion	0Fabius	0Fabricien	0Fabricio	0Fabricius	0Fabrizio	0Faelan	0Falcon	0Fano	0Fantin	0Faust	0Faustinien	0Fausto	0Faustyn	0Federi	0Federigo	0Fedor	0Felip	0Fèlis	0Feliz	0Felizes	0Feliziano	0Féodor	0Ferdi	0Ferdinando	0Fermin	0Fernandez	0Fernando	0Ferran	0Ferrando	0Ferréol	0Ferrero	0Fertuño	0Fiakr	0Fidel	0Filemon	0Fili	0Filibert	0Filiberto	0Filip	0Filippo	0Filiz	0Filomen	0Finn	0Flammen	0Flammenig	0Flammig	0Flavian	0Flaviano	0Flavianus	0Flavius	0Floran	0Floréal	0Florenceau	0Florencio	0Florentino	0Floriano	0Floribert	0Florien	0Florimond	0Florin	0Fortuin	0Fortuino	0Fortun	0Foster	0Foucauld	0Foulques	0Francesco	0Francisco	0Franco	0Frank	0Franklin	0Frans	0Frañsez	0Fransezig	0Frantzes	0Frantzisko	0Fredenando	0Frederi	0Frédérick	0Frederik	0Frederiko	0Friedrich	0Fritz	0Fulvien	0Fulvio	0Fulvius	0Furtuno	0Gabi	0Gabig	0Gabirel	0Gabriello	0Gabrieloun	0Gabrieú	0Gaetano	0Gaimar	0Galindo	0Gall	0Gallig	0Gamaliel	0Ganael	0Ganesh	0Ganix	0Gar	0Garai	0Garaxan	0Garikoitz	0Garret	0Garsion	0Garxeot	0Garxot	0Gary	0Garzet	0Garzi	0Garzien	0Garzio	0Gascalon	0Gasio	0Gasion	0Gasiot	0Gaspar	0Gasparin	0Gasper	0Gastean	0Gasto	0Gatien	0Gau	0Gaueko	0Gaultier	0Gauthier	0Gauvin	0Gaxan	0Gaxen	0Gaylord	0Gédeon	0Gehexen	0Gehezan	0Genes	0Georgi	0Georgy	0Geraldo	0Gérardin	0Gerardus	0Geraxan	0Gerazan	0Gerexen	0Gergori	0Gergorio	0Gerhard	0German	0Germano	0Germanus	0Germen	0Germinal	0Gero	0Géronimo	0Gervald	0Gestin	0Gexan	0Giacobo	0Giacomo	0Gian	0Gianni	0Gideon	0Gil	0Gilamu	0Gilberto	0Gildwen	0Gilen	0Gilermo	0Gilet	0Gilian	0Gillem	0Gillen	0Gillermo	0Gilot	0Gimeno	0Gion	0Giordano	0Giorgio	0Giovani	0Giovanni	0Girald	0Giraldo	0Giralt	0Girard	0Gireg	0Giriment	0Giro	0Gisbert	0Giselbert	0Gislain	0Gisleno	0Gizon	0Glàudi	0Glen	0Glenn	0Gobrien	0Godard	0Godefroi	0Godefroid	0Gogo	0Goiz	0Goliat	0Goliath	0Golven	0Goneri	0Gonery	0Gontram	0Gontrano	0Gontzal	0Gontzalbet	0Gontzalbo	0Gontzalo	0Gonzalès	0Gonzalo	0Gordan	0Gordon	0Goren	0Gorgorio	0Gorosti	0Gorrindo	0Gorriti	0Gorritxo	0Gorritzo	0Gotzon	0Gouenou	0Goueznou	0Goulc'han	0Goul'chen	0Goul'chenig	0Goul'chennig	0Goulven	0Goulvenaig	0Goulvenig	0Goulwen	0Goulwenig	0Gourvan	0Goustan	0Gouziern	0Govrian	0Graham	0Granat	0Grant	0Gratian	0Gratien	0Grazian	0Greg	0Gregor	0Gregorio	0Gregorius	0Griffin	0Griffith	0Grigori	0Griment	0Gudwal	0Guénaël	0Guerard	0Guéroc	0Gueroch	0Guibert	0Guillain	0Guillemert	0Guillemin	0Guillemo	0Guillemot	0Guinal	0Guiorgi	0Guirec	0Guireg	0Guislain	0Gulian	0Gurloes	0Gurutz	0Gurval	0Gurvan	0Gurvant	0Gustav	0Gusto	0Guthval	0Gutxi	0Guylain	0Gweltaz	0Gweltazig	0Gwemnael	0Gwenal	0Gwendal	0Gwenel	0Gwenhael	0Gwennael	0Gwenneg	0Gwennin	0Gwennog	0Gwilherm	0Gwilhermig	0Gwilhermou	0Gwilhou	0Gwinal	0Gwion	0Hadrien	0Haitz	0Hal	0Handi	0Hanko	0Hannes	0Hannibal	0Hanot	0Hänsel	0Hanselo	0Hansi	0Hansko	0Haritz	0Harkaitz	0Harley	0Harn	0Haron	0Haroun	0Harri	0Harrison	0Harry	0Hartz	0Harvey	0Hats	0Hébert	0Heinz	0Heleazar	0Hélio	0Heliz	0Helmes	0Helmut	0Helori	0Helouri	0Hendrick	0Hendrik	0Heneg	0Henrik	0Henriko	0Henry	0Herb	0Herbod	0Hercules	0Heribert	0Heriberto	0Hérik	0Herman	0Hermann	0Hermelin	0Hern	0Hernando	0Hernin	0Herold	0Heroldus	0Herrando	0Herveig	0Hervey	0Hess	0Hias	0Hiazinto	0Hibai	0Hieronimo	0Hilario	0Hilarion	0Hipolito	0Hiro	0Hoarii	0Hoel	0Hoelig	0Honorat	0Honorin	0Honorus	0Horatio	0Hori	0Hotz	0Houarn	0Houarnev	0Houarnon	0Houarvev	0Houarvian	0Howard	0Hugbert	0Hugolin	0Humberto	0Humphrey	0Hyacinth	0Iacovo	0Iain	0Ian	0Iban	0Ibar	0Ibon	0Ibrahim	0Iestin	0Ifig	0Ignacio	0Igon	0Ihazintu	0Ikatz	0Ikel	0Iker	0Ikini	0Ilan	0Ilari	0Ilario	0Ildud	0Ildut	0Ilixo	0Illan	0Iltud	0Iltudig	0Iltut	0Imanol	0Immanuel	0Iñaki	0Inazio	0Indalecio	0Indar	0Indartsu	0Ingles	0Inhar	0Iniaki	0Iñiego	0Iñigo	0Inixio	0Inko	0Innocent	0Inozentzio	0Ioan	0Ioanes	0Ioen	0Iosep	0Iossif	0Iouri	0Ipar	0Ireneo	0Irenio	0Ireno	0Irkus	0Irvin	0Irving	0Irwin	0Isaak	0Isaiah	0Isaias	0Isao	0Isidor	0Isidoro	0Ismaël	0Isman	0Isocrates	0Isokrates	0Israël	0Iv	0Ivain	0Ivano	0Ivassik	0Ivelin	0Ivi	0Ivon	0Ivor	0Iwan	0Iwen	0Ixidor	0Ixidro	0Izaac	0Izekondi	0Izikel	0Izotz	0Iztebeni	0Izzy	0Jacinto	0Jackelin	0Jackson	0Jaco	0Jacobien	0Jacobin	0Jacobo	0Jacobus	0Jacquemin	0Jacquot	0Jacquy	0Jad	0Jadran	0Jago	0Jagu	0Jaimes	0Jaiotz	0Jakes	0Jakez	0Jakezig	0Jakob	0Jakobo	0Jakou	0Jakov	0Jan	0Janbattit	0Janney	0Janning	0Janos	0Janpier	0Janssen	0Jantinus	0Janvier	0Jaoven	0Jason	0Jasper	0Jatsu	0Jaubert	0Jaufret	0Jaun	0Jaundomiku	0Jaunmartin	0Jauntso	0Javier	0Jayson	0Jazz	0Jeannot	0Jeanson	0Jeff	0Jegu	0Jehan	0Jehannin	0Jehannins	0Jehannos	0Jehannot	0Jehans	0Jehant	0Jehenet	0Jehenos	0Jehesson	0Jehessons	0Jekel	0Jen	0Jeng	0Jeoffrey	0Jeremi	0Jeremias	0Jérémy	0Jerman	0Jerolin	0Jéromin	0Jéronim	0Jeronimo	0Jéronimus	0Jess	0Jessy	0Jestin	0Jesus	0Jezekael	0Jezekel	0Jezekelig	0Jikael	0Jikel	0Jil	0Jildas	0Jildaz	0Jildazig	0Jillian	0Jimmy	0Joakim	0Joakin	0Joan	0Joani	0Joanitto	0Joanko	0Joanotiko	0Joanto	0Joantto	0Joantxot	0Joao	0Joaquim	0Joastipi	0Job	0Jobig	0Jocelyn	0Jochim	0Jody	0Joévin	0Joey	0Joffrey	0Johando	0Johaneko	0Johanet	0Johanex	0Johango	0Johanikot	0Johaniku	0Johanin	0Johann	0Johannes	0Johanot	0Jokin	0Jolan	0Jon	0Jonas	0Jonatan	0Jonathan	0Jonet	0Jonn	0Jordan	0Jordi	0Jordy	0Jórgi	0Jos	0Joséphin	0Josephus	0Josselin	0Josu	0Jourdain	0Jovan	0Juan	0Juanito	0Juanuario	0Judas	0Judikael	0Judual	0Judwal	0Julen	0Julian	0Julio	0Julius	0Junan	0Jurdan	0Jurgi	0Justinian	0Justiniano	0Justinien	0Justus	0Justyn	0Juvénal	0Juventin	0Juzel	0Kadet	0Kado	0Kadog	0Kadou	0Kadvael	0Kaelig	0Kaietano	0Kaio	0Kalbet	0Kalbo	0Kalbon	0Kalisto	0Kallisto	0Kallixto	0Kallon	0Kamillo	0Kan	0Kann	0Kannig	0Kaour	0Kaourant	0Kaourantin	0Kaourig	0Kaourintin	0Kaprasio	0Karadeg	0Karadog	0Karenteg	0Karim	0Karlo	0Karlos	0Karmel	0Karmelo	0Karol	0Kasen	0Kasimir	0Kaspar	0Kasper	0Katalain	0Kauldi	0Kavan	0Kavanig	0Kaxton	0Kazan	0Keith	0Kelemen	0Kelian	0Kelig	0Kelmen	0Kelvin	0Kemen	0Ken	0Kendall	0Kenny	0Kent	0Kenzo	0Keperin	0Kerbasi	0Kerman	0Kerrian	0Kerrien	0Kesari	0Keven	0Kevyn	0Kieran	0Kilian	0Killian	0Killien	0Kindin	0Kireg	0Kirino	0Kleto	0Kliment	0Klimenton	0Kolaig	0Kolaz	0Kolazig	0Koldo	0Kolin	0Kolon	0Kolonbo	0Kolumb	0Konan	0Kongal	0Konogan	0Konstantino	0Konvael	0Konwal	0Kornel	0Korneli	0Kornelio	0Korner	0Kosmas	0Kosmos	0Kostobaro	0Kou	0Kouig	0Koulman	0Koulmig	0Koxu	0Kriment	0Kris	0Krisanto	0Krispin	0Krispiniano	0Kristian	0Kristiansem	0Kristobal	0Kristof	0Kristoforo	0Kristuel	0Kuiril	0Kunwal	0Kurt	0Kylian	0Kyllian	0Ladislav	0Ladix	0Lalo	0Lamar	0Lambert	0Lan	0Lanbert	0Lancelot	0Lander	0Landry	0Lanig	0Lantzalot	0Lantzelot	0Laorans	0Laou	0Laouenan	0Laouig	0Larry	0Lars	0Lartaun	0Laslo	0Lauers	0Lauran	0Lauréat	0Laurel	0Laurendi	0Laurentian	0Laurentin	0Laurentino	0Laurentxu	0Laurentz	0Laurentzi	0Laurenz	0Laurenzo	0Laurian	0Lauridas	0Laurin	0Lauritz	0Lavr	0Lavrendios	0Lavrenti	0Lazar	0Lazaro	0Lazarus	0Leandro	0Lehen	0Leheren	0Leho	0Lemuel	0Lenny	0Leno	0Lénor	0Leokadio	0Leonaldo	0Leonar	0Leonardis	0Leonardo	0Leoncio	0Leonel	0Leonid	0Léontin	0Léopoldino	0Leopoldo	0Ler	0Lewis	0Liam	0Liébaud	0Liébaut	0Likael	0Lionello	0Lionnello	0Lirain	0Lizardi	0Lloyd	0Loan	0Loann	0Lodoviko	0Loeiz	0Loeizig	0Logan	0Loig	0Loik	0Loiz	0Loizig	0Lom	0Lomig	0Lon	0Lontxo	0Lop	0Lopako	0Lopeko	0Loperato	0Lopezo	0Lopiz	0Lorans	0Lorcan	0Loren	0Lorens	0Lorent	0Lorenti	0Lorentxo	0Lorentz	0Lorentzet	0Lorentzi	0Lorenz	0Lorenzo	0Lorenzot	0Lorenzu	0Lorin	0Loris	0Lorris	0Louan	0Louen	0Louenn	0Louennig	0Loui	0Louki	0Lourens	0Luan	0Lucais	0Lucan	0Luchino	0Lucian	0Luciano	0Lucillien	0Lucin	0Lucinien	0Lucky	0Ludo	0Ludovi	0Ludovico	0Ludovicus	0Ludoviko	0Luhan	0Luigi	0Luis	0Luix	0Luiz	0Luk	0Lukas	0Luken	0Luki	0Luner	0Luther	0Luziano	0Lyonel	0Lysander	0Maclou	0Madeg	0Madenig	0Mades	0Madog	0Maelan	0Mahel	0Maho	0Mailloc	0Maimo	0Maïus	0Malcolm	0Malou	0Mami	0Manes	0Manex	0Manez	0Manfred	0Mannus	0Manny	0Manoël	0Manolis	0Manolito	0Manolo	0Maodan	0Maodez	0Marceles	0Marceli	0Marcelin	0Marcelino	0Marcello	0Marcellus	0Marcial	0Marcian	0Marcin	0Marcio	0Marco	0Marcos	0Marcus	0Mard	0Marek	0Maren	0Marian	0Mariano	0Marino	0Marinos	0Marinus	0Mark	0Marko	0Markos	0Markus	0Marlen	0Marlon	0Martal	0Marti	0Martian	0Martien	0Martiko	0Martinet	0Martingo	0Martinian	0Martiniano	0Martinien	0Martinko	0Martino	0Martinot	0Martintxo	0Martinus	0Martitxo	0Martxel	0Marty	0Martygan	0Martzelo	0Martzi	0Martzial	0Martziel	0Marvin	0Marvyn	0Marz	0Marzel	0Marzhin	0Mas	0Masho	0Massimin	0Mat	0Matai	0Matebello	0Matei	0Matelin	0Mateo	0Matèu	0Mateus	0Mateusz	0Mateuz	0Matevos	0Matey	0Mathelin	0Mathéo	0Mathias	0Mathieu	0Mathis	0Mathys	0Mati	0Matias	0Matiaz	0Matier	0Maties	0Matilin	0Matis	0Matiu	0Matt	0Mattalus	0Mattelo	0Matteo	0Matteu	0Mattew	0Matthaeus	0Mattheus	0Matthis	0Matti	0Mattias	0Mattiassu	0Mattin	0Maturino	0Maturo	0Matvei	0Matxiko	0Matxikot	0Matxiku	0Matxin	0Matxinto	0Maudan	0Maudet	0Maurelius	0Mauret	0Mauricio	0Maurilio	0Maurin	0Maurino	0Maurizio	0Mauro	0Mauru	0Maverick	0Maxiko	0Maxim	0Maximilian	0Maximiliano	0Maximilianus	0Maximin	0Maximino	0Maximo	0Maximus	0Maxin	0Maxingo	0Mayeul	0Mazheav	0Mazheaz	0Mazhev	0Mazheven	0Mazho	0Mazhoig	0Mazoig	0Méal	0Medar	0Medardo	0Meder	0Méen	0Mel	0Melan	0Melar	0Mélard	0Melchior	0Melenig	0Meliton	0Meloar	0Méloir	0Meltxior	0Meltxor	0Melvin	0Melvyn	0Menaut	0Menjon	0Menko	0Menkos	0Meriadeg	0Meunauton	0Meurzh	0Meven	0Mevenig	0Michaël	0Mick	0Mickey	0Miel	0Mielgo	0Migaxo	0Migelo	0Miguel	0Mikael	0Mikaelig	0Mikail	0Mikel	0Mikelar	0Mikeldi	0Mikeleko	0Mikelig	0Mikelo	0Mikelon	0Mikeu	0Mikolai	0Mikolas	0Milan	0Miles	0Milian	0Miliko	0Milio	0Millan	0Millian	0Milliau	0Milo	0Milos	0Milton	0Min	0Mingaxo	0Mingo	0Mingonin	0Mingos	0Minig	0Mitch	0Mixel	0Mixelko	0Mixelot	0Mizel	0Moazan	0Modan	0Modesto	0Mois	0Moises	0Moiso	0Monser	0Montgomery	0Monty	0Moran	0Mordiern	0Moris	0Morris	0Mortimer	0Morvan	0Morvanig	0Munjenin	0Murat	0Myles	0Nabartzi	0Nadal	0Naël	0Nan	0Nani	0Nans	0Narciso	0Narcissus	0Narsès	0Natanaël	0Nathalan	0Nathanel	0Nathaneol	0Nathanial	0Nathanuel	0Natheal	0Nathean	0Nathel	0Nathy	0Natthan	0Nayati	0Nazario	0Neal	0Néhémiah	0Neil	0Nelson	0Nemesio	0Nereo	0Nériah	0Nethanel	0Neven	0Nevenig	0Neveno	0Nevenou	0Neventer	0Newton	0Nextor	0Niall	0Nic	0Niccolo	0Nicholas	0Nick	0Nico	0Nicolai	0Nicolin	0Nicolo	0Niels	0Nig	0Nigel	0Nik	0Niklas	0Niklaus	0Niko	0Nikodemus	0Nikolai	0Nikolas	0Nikolaz	0Nil	0Niles	0Nilo	0Nils	0Nin	0Nino	0Noah	0Noam	0Noëlan	0Noelig	0Nokolai	0Nolan	0Nolo	0Nomen	0Norberto	0Norman	0Normann	0Nouel	0Nouelig	0Obéron	0Obert	0Oberto	0Obispo	0Octavian	0Octavien	0Octavio	0Octavius	0Odilo	0Odilon	0Odin	0Odon	0Odran	0Offy	0Oger	0Ogier	0Oier	0Oihan	0Oinatz	0Oktabio	0Oliber	0Olin	0Oliver	0Oliverio	0Olliver	0Omar	0On	0Onorato	0Onorio	0Ontzalu	0Ophélio	0Orain	0Oratio	0Ordonio	0Oribel	0Orio	0Oriol	0Orion	0Orkatz	0Orlando	0Oroko	0Orots	0Orotz	0Orso	0Orson	0Orti	0Ortino	0Ortzi	0Ortzuri	0Osasun	0Oskarbi	0Oskitz	0Osmond	0Osmund	0Ospetsu	0Ostargi	0Ostots	0Osvald	0Osvaldo	0Ot	0Othon	0Oto	0Otto	0Otxoko	0Otxoxo	0Ovidio	0Owen	0Oxel	0Pacific	0Pacifico	0Padarn	0Padern	0Padernig	0Padrig	0Pakito	0Pako	0Palben	0Pankrazio	0Panpi	0Panpili	0Pantaleon	0Paol	0Paoli	0Paolig	0Paolino	0Paolo	0Paquito	0Paris	0Pascalin	0Pascalis	0Pascau	0Pascual	0Paskal	0Paskalet	0Paskalig	0Paskasio	0Paskoal	0Paskou	0Patri	0Patric	0Patricien	0Patricio	0Patricius	0Patrik	0Patrizio	0Patryk	0Pattin	0Pattino	0Patxi	0Patxiko	0Patxiku	0Pau	0Paulien	0Paulo	0Paulus	0Pauly	0Pavel	0Paxkal	0Pedernig	0Pedro	0Pedruelo	0Pedruxto	0Peet	0Peidro	0Peiret	0Peit	0Peitro	0Pelaio	0Pelegrin	0Peli	0Pello	0Peo	0Pepin	0Pépito	0Per	0Peran	0Peranig	0Perceval	0Percy	0Pereg	0Peregrin	0Peregrino	0Peri	0Perick	0Pericles	0Perig	0Perikles	0Periko	0Perikon	0Perin	0Perisol	0Pero	0Peron	0Perox	0Perrando	0Perrin	0Perrot	0Perry	0Perseval	0Peru	0Peruanton	0Perul	0Peruto	0Perutxo	0Perux	0Peterus	0Petr	0Petri	0Petriko	0Petrisko	0Petro	0Petronio	0Petrox	0Petrus	0Pettan	0Pexiri	0Phil	0Philander	0Philbert	0Philémon	0Philip	0Philis	0Phillys	0Philomelo	0Piarik	0Piarreniño	0Piarreño	0Piarres	0Piarriño	0Piellu	0Pier	0Pierraño	0Pierrig	0Pierris	0Pierrot	0Pierroun	0Piet	0Pieter	0Piétro	0Pio	0Pitt	0Pitxo	0Placido	0Platon	0Polentzi	0Polig	0Polikarpo	0Pomp	0Pompéi	0Pompeio	0Pompeo	0Ponc	0Poncars	0Poncelès	0Poncinet	0Pons	0Ponsardin	0Ponsardins	0Ponsars	0Ponsart	0Ponsos	0Ponsot	0Pontian	0Pontianus	0Pontien	0Pontziano	0Pontzon	0Ponz	0Popo	0Porpphirio	0Praisko	0Preden	0Predenig	0Premel	0Prevel	0Priam	0Primael	0Primel	0Primelig	0Primo	0Privel	0Privelig	0Prontxo	0Pruden	0Prudencio	0Prudens	0Prudent	0Prudentzio	0Prudenzi	0Quintin	0Nikomedes	0Nabar	0Morgad	0Menjolet	0Matthew	0Markel	0Marki	0Maalik	0Maciej	0Louri	0Lu	0Leonidas	0Ladewig	0Klaudio	0Kléber	0Kachimir	0Kadeg	0Junes	0Junien	0Joen	0Joes	0Jefferson	0Jeffrey	0Jabier	0Istebeni	0Iturri	0Iacob	0Iacov	0Hilaric	0Habib	0Hadrian	0Guilain	0Guilhem	0Goal	0Gobrian	0Georgio	0Georgius	0Gab	0Florentz	0Florestan	0Fabian	0Fabiano	0Eudon	0Eufemio	0Emerick	0Ed	0Domingo	0Domingon	0Dabi	0Dabit	0Clémenceau	0Caesar	0Calix	0Bonifazio	0Bonko	0Benedit	0Beniamin	0Bakar	0Balandin	0Arzhulig	0Arzhur	0Anton	0Antonello	0Amadéo	0Amadeus	0Aitzuri	0Abarran	0Rafael	0Rafèu	0Raihau	0Raimanu	0Raimond	0Raimondo	0Raimund	0Rainier	0Rainui	0Ramon	0Ramun	0Ramuntxo	0Randolf	0Randolph	0Randy	0Ranimiro	0Raoulin	0Raul	0Ray	0Rayan	0Raynier	0Razkallah	0Réginald	0Régnier	0Reinald	0Reinaldo	0Reiner	0Remigio	0Remir	0Remiri	0Remiro	0Remo	0Remon	0Remont	0Remun	0Remus	0Rémy	0Renald	0Renaldo	0Renan	0Renat	0Renato	0Renatus	0Renaut	0Rénier	0Reno	0Renzo	0Reunan	0Reunanig	0Rex	0Reynald	0Reynaldo	0Reynard	0Reynold	0Ricard	0Ricardino	0Ricardo	0Riccardo	0Ricci	0Rich	0Richardin	0Richero	0Ricky	0Rieg	0Rienzo	0Rigobert	0Rikard	0Rikards	0Rinaldo	0Riog	0Riwal	0Riwalig	0Riwan	0Riwanig	0Roald	0Rob	0Roberto	0Roberts	0Robertson	0Rocco	0Rod	0Rodéric	0Roderick	0Rodger	0Rodolf	0Rodolfo	0Rodrigo	0Rodriguez	0Rogel	0Rogelio	0Rogier	0Roio	0Roiti	0Rolan	0Rolando	0Rolant	0Roldan	0Rolf	0Rolland	0Rollin	0Roman	0Romano	0Romanos	0Romanus	0Romon	0Romualdo	0Romualdus	0Romul	0Ron	0Ronanig	0Ronny	0Roparzh	0Rosalien	0Rosalio	0Roselin	0Roslin	0Rosolino	0Ross	0Roubin	0Rox	0Roy	0Ruben	0Ruddy	0Rudi	0Rudolf	0Rudolfo	0Rudy	0Rufo	0Rufus	0Ruggero	0Rumeo	0Rupert	0Ruperto	0Russ	0Russel	0Ruvon	0Ruvonig	0Ruy	0Ryan	0Saayyid	0Sabastian	0Sabin	0Saduru	0Saig	0Salaun	0Salbator	0Salvateur	0Salvator	0Sam	0Sammy	0Samzun	0Sancho	0Sander	0Sanders	0Sandor	0Sandro	0Sandros	0Sango	0Sanio	0Sanmark	0Sanso	0Sanson	0Santadrian	0Santatri	0Santiago	0Santio	0Santitirsi	0Santo	0Santoru	0Santsin	0Santutxo	0Santxi	0Santxo	0Santxoko	0Santxot	0Santxuelo	0Sastin	0Satordi	0Saturdi	0Saturnino	0Saul	0Saustin	0Sauveur	0Saverio	0Saveuo	0Saviero	0Scott	0Seain	0Sean	0Sebasten	0Sebastian	0Sebastin	0Seber	0Seberin	0Seberino	0Sébus	0Segal	0Segel	0Sein	0Seinor	0Seinoret	0Sekou	0Sekundino	0Sekundo	0Selim	0Semeko	0Semeno	0Semeron	0Semerot	0Semon	0Señan	0Sendo	0Sendoro	0Sengrat	0Senjan	0Seo	0Seonag	0Serafin	0Serafino	0Serapio	0Serapion	0Sereno	0Sergei	0Sergeil	0Sergio	0Sernin	0Serres	0Servan	0Sev	0Séverian	0Séverien	0Severino	0Severinus	0Sévero	0Seymour	0Sez	0Sezig	0Shaun	0Sid	0Siegal	0Siegrid	0Sigfried	0Sigfroi	0Sigismundo	0Sigmund	0Silban	0Silbano	0Silbio	0Silvain	0Silvan	0Silvester	0Silvestro	0Silviano	0Sim	0Siméo	0Simoun	0Simson	0Sinclair	0Sivan	0Sixto	0Soaig	0Sobrino	0Socrates	0Soig	0Soin	0Solal	0Solomon	0Sony	0Soter	0Sotero	0Sovan	0Sovann	0Spencer	0Stan	0Stanislao	0Stanley	0Steben	0Steeven	0Stefan	0Stefano	0Steon	0Steonig	0Stephan	0Stephanos	0Stephanson	0Stephanus	0Stephen	0Stevan	0Steven	0Stevens	0Stevenson	0Steward	0Stewart	0Stuart	0Su	0Sugar	0Suliac	0Suliag	0Sulian	0Suliau	0Sulio	0Sullivan	0Sullyvan	0Sven	0Swan	0Swann	0Sydney	0Sylvan	0Sylvanus	0Sylvester	0Taarooarii	0Tadeg	0Tahimanarii	0Tamarii	0Tangi	0Tangui	0Tanig	0Tatian	0Tatien	0Ted	0Tefanig	0Tehuiarii	0Teiki	0Telesforo	0Tenedor	0Tenenan	0Téo	0Téobald	0Teobaldo	0Téodor	0Téodoric	0Téodorick	0Téodoro	0Teodosio	0Teofil	0Teofilo	0Teoudor	0Teus	0Thales	0Theiss	0Théo	0Theobald	0Theobaldo	0Théodoric	0Theodos	0Theodosio	0Theodosius	0Theofil	0Theophil	0Theophilius	0Thibalt	0Thibaud	0Thibault	0Thiébaud	0Thiess	0Thomy	0Thurial	0Thurian	0Thurien	0Thurin	0Thybald	0Thybalt	0Tibald	0Tibalt	0Tim	0Timon	0Timotei	0Timoteo	0Timothy	0Timus	0Tin	0Tinidor	0Tirso	0Tistoun	0Tito	0Titoù	0Titoun	0Titus	0Tivio	0Toan	0Tobias	0Tobin	0Toby	0Tom	0Tomas	0Tomaso	0Tomaz	0Tommaso	0Tommy	0Tomy	0Tonan	0Tòni	0Tonio	0Tony	0Toribio	0Totor	0Toumas	0Tounin	0Toussaint	0Tremeur	0Trestan	0Trestanig	0Tréveur	0Trévor	0Tristan	0Tristanig	0Trystan	0Tual	0Tualig	0Tudal	0Tudalig	0Tudeg	0Tudi	0Tudig	0Tudual	0Tudwal	0Tugdual	0Tugen	0Tujan	0Tujen	0Turien	0Turio	0Txabi	0Txabier	0Txanton	0Txaparro	0Txartiko	0Txartiku	0Txartin	0Txeru	0Txilar	0Txomin	0Txuri	0Tymon	0Ubert	0Ugo	0Ugolino	0Ugues	0Ugutz	0Uhin	0Ulises	0Ulric	0Ulrich	0Umbert	0Umberto	0Unai	0Ur	0Urb	0Urban	0Urdin	0Urien	0Urio	0Uriou	0Urlo	0Urloes	0Urtsin	0Urtzi	0Uziel	0Amel	0Vadim	0Valentinian	0Valentino	0Valéri	0Valerian	0Valeriano	0Valerien	0Valerio	0Valerius	0Valmont	0Vasili	0Vassili	0Vassily	0Veig	0Venceslas	0Venig	0Venou	0Vianney	0Vic	0Vicencio	0Victoriano	0Viktor	0Viktoriano	0Viktorino	0Vincèn	0Vinog	0Virgil	0Visant	0Vital	0Vitali	0Vitalis	0Vito	0Vitor	0Vitour	0Vittorio	0Vladislas	0Waldi	0Walig	0Wallerand	0Walterus	0Wanig	0Waroc	0Warren	0Washington	0Wesley	0Wilbert	0Wilf	0Wilfred	0Wilfrid	0Wilhelm	0Will	0Willem	0Williamson	0Willis	0Wilson	0Winog	0Winston	0Wladislas	0Wolf	0Woody	0Wulf	0Xabi	0Xabier	0Xablier	0Xalbador	0Xalbat	0Xalbator	0Xalbor	0Xander	0Xandol	0Xandres	0Xanio	0Xanti	0Xanto	0Xarles	0Xaveer	0Xaver	0Xaverl	0Xebastian	0Xeberin	0Xeimun	0Xemark	0Xemarti	0Xemen	0Xemon	0Xever	0Xibalt	0Xidi	0Ximen	0Ximon	0Ximun	0Xisto	0Xotil	0Xurio	0Yael	0Yan	0Yanick	0Yanis	0Yanni	0Yannig	0Yannis	0Yannou	0Yekel	0Yeltaz	0Yeltazig	0Yeun	0Yoan	0Yohan	0Yohann	0Yorick	0Youcef	0Youen	0Youenn	0Youn	0Youssef	0Yuli	0Yvann	0Yvelin	0Yven	0Zach	0Zacharias	0Zachary	0Zack	0Zadornin	0Zak	0Zakodi	0Zanpier	0Zébulon	0Zeffirinu	0Zefirino	0Zekodi	0Zekondi	0Zekondin	0Zekudin	0Zelestino	0Zelso	0Zeno	0Zenzo	0Zéphir	0Zéphyr	0Zernin	0Zeru	0Zeruko	0Zesar	0Zeyphirin	0Zibalt	0Zibrian	0Zigor	0Zilar	0Ziprian	0Zipriano	0Zoël	0Zoello	0Zoïg	0Zoran	0Zuri	0Zuriko	0Beverly	0Brandy	0Berfin	0Britany	0Berivan	0Brithany	0Btissam	0Bahar	0Burcu	0Britanny	0Bridget	0Buket	0Belgin	0Bamby	0Btissem	0Babeth	0Bilitis	0Bambi	0Batoul	0Bleunvenn	0Jean-François	0Jean-Bernard	0Agnès	1Alexiane	1Aristide	1Adelphe	1Agathe	1Alice	1Andrée	1Albertine	1Ariane	1Angèle	1Aglaé	1Angéline	1Angélique	1Aline	1Anita	1Anne	1Arabelle	1Anna	1Annabelle	1Albane	1Alette	1Kristelle	1Annette	1Alphonsine	1Annie	1Alexandra	1Anouchka	1Amance	1Alda	1Amandine	1Anthelme	1Adrienne	1Arielle	1Abella	1Adélaïde	1Amédée	1Antoinette	1Alberta	1Alexandrine	1Adèle	1Amélie	1Abondance	1Apolline	1Alberte	1Adeline	1Alexia	1Anastasie	1Aimée	1Arlette	1Armande	1Armelle	1Aude	1Augusta	1Augustine	1Aure	1Aurèle	1Aurélia	1Aurélie	1Aurore	1Ava	1Axelle	1Babette	1Babine	1Babita	1Balbine	1Baptiste	1Barbara	1Bartolomé	1Bastienne	1Béatrice	1Bénédicte	1Benjamine	1Benoîte	1Bérengère	1Bérénice	1Bernadette	1Berthe	1Bertille	1Bienvenue	1Blanche	1Blandine	1Boniface	1Brigitte	1Candide	1Capucine	1Carine	1Carole	1Caroline	1Cassandre	1Catherine	1Cécile	1Céleste	1Célia	1Céline	1Césaire	1Césarine	1Charlotte	1Chloé	1Christelle	1Christiane	1Christine	1Christophe	1Claire	1Clara	1Clarisse	1Claudette	1Claudie	1Claudine	1Clélia	1Clémence	1Clémentine	1Clotilde	1Colette	1Colombe	1Constance	1Cora	1Coralie	1Corentine	1Corinne	1Dahlia	1Danièle	1Danielle	1Daphné	1Daria	1Delphine	1Denise	1Désiré	1Désirée	1Diane	1Dieudonné	1Domitille	1Donatienne	1Doriane	1Dorothée	1Edma	1Edmée	1Edwige	1Eglantine	1Eléonore	1Eliane	1Elie	1Eline	1Elise	1Ella	1Mélinda	1Elodie	1Elsa	1Elvire	1Emeline	1Emile	1Emilie	1Emilienne	1Emma	1Emmanuelle	1Enrique	1Erika	1Ernestine	1Estelle	1Eugène	1Eugénie	1Eva	1Evariste	1Evelyne	1Fabienne	1Fabiola	1Fabrice	1Faustine	1Félicie	1Félicienne	1Félicité	1Fernande	1Fidèle	1Flavie	1Flora	1Florence	1Florentine	1Florine	1France	1Francette	1Francine	1Françoise	1Frédérique	1Frida	1Gabrielle	1Gaëlle	1Geneviève	1Georgette	1Georgia	1Georgina	1Georgine	1Géraldine	1Germaine	1Gersende	1Gertrude	1Gervaise	1Ghislaine	1Gilberte	1Ginette	1Gisèle	1Gonzague	1Grâce	1Gracieuse	1Graziella	1Guénolé	1Guillaume	1Guillaumette	1Gustave	1Gwenaëlle	1Gwendoline	1Gwénola	1Hélène	1Héloïse	1Henriette	1Hermine	1Hervé	1Hildegarde	1Hippolyte	1Honoré	1Honorine	1Hortense	1Huberte	1Huguette	1Hyacinthe	1Irène	1Irènée	1Irma	1Isabelle	1Isidore	1Jacinthe	1Jackie	1Jacqueline	1Jasmine	1Jeanne	1Jeannine	1Jérôme	1Jessica	1Joëlle	1Johanne	1Jordane	1José	1Joséphine	1Josette	1Josiane	1Joé	1Alizé	1Julia	1Julie	1Julienne	1Juliette	1Juste	1Justine	1Karine	1Katia	1Laétitia	1Lara	1Larissa	1Laure	1Laurence	1Laurentine	1Laurette	1Laurie	1Léa	1Léane	1Léïla	1Léna	1Léone	1Léonie	1Léonilde	1Léontine	1Léopoldine	1Leslie	1Yasmine	1Liliane	1Linda	1Line	1Lisa	1Lise	1Lisette	1Lola	1Lolita	1Lore	1Lorraine	1Louise	1Louisiane	1Lousiane	1Luca	1Luce	1Lucette	1Lucie	1Lucienne	1Lucille	1Ludmilla	1Lydie	1Lysiane	1Madeleine	1Maëlle	1Maïté	1Manuelle	1Marcelle	1Marcelline	1Marguerite	1Maria	1Marianne	1Marie	1Marielle	1Marietta	1Mariette	1Marilyne	1Marina	1Marine	1Marinette	1Marjolaine	1Marjorie	1Marlène	1Marthe	1Martine	1Marylène	1Maryse	1Maryvonne	1Mathilde	1Maurice	1Mauricette	1Maximilienne	1Melaine	1Mélanie	1Mélissa	1Michèle	1Micheline	1Milène	1Mireille	1Modeste	1Moïse	1Monique	1Myrtille	1Nadège	1Nadia	1Nadine	1Nastasia	1Natacha	1Nathalie	1Nathanaëlle	1Nicole	1Nicoletta	1Nikita	1Nina	1Noé	1Noëlle	1Noémie	1Nora	1Odette	1Odile	1Olga	1Olivia	1Ombeline	1Orianne	1Pacôme	1Paméla	1Paola	1Pâquerette	1Pascale	1Pascaline	1Patrice	1Patricia	1Paula	1Paule	1Paulette	1Pauline	1Pernelle	1Perrette	1Perrine	1Philippe	1Philomène	1Pierrette	1Prisca	1Priscilla	1Prudence	1Raïssa	1Raphaëlle	1Raymonde	1Rebecca	1Régine	1Réjane	1Renée	1Rita	1Roberte	1Rodolphe	1Rodrigue	1Panphile	1Rolande	1Asmae	1Rosa	1Rosalie	1Rosaline	1Rose	1Roseline	1Roxanne	1Sabine	1Sabrina	1Sacha	1Sakina	1Sandie	1Sandra	1Sandrine	1Sara	1Sébastienne	1Ségolène	1Selma	1Séverine	1Sheila	1Sibille	1Sidonie	1Sigolène	1Silvère	1Simone	1Solange	1Solenne	1Soline	1Sonia	1Sophie	1Stella	1Stéphanie	1Suzanne	1Suzette	1Sylvaine	1Sylvestre	1Sylvette	1Sylvianne	1Sylvie	1Tamara	1Tatiana	1Théophane	1Thérèse	1Tiphaine	1Ursula	1Valentine	1Valère	1Valérie	1Vanessa	1Véronique	1Victoire	1Victoria	1Victorine	1Vincianne	1Violaine	1Violette	1Virgile	1Virginie	1Viviane	1Vivienne	1Xavière	1Yolande	1Yvette	1Yvonne	1Zita	1Zoé	1Abigaëlle	1Sylviane	1Anne-Laure	1Abarrane	1Abbée	1Abélia	1Abelie	1Abelina	1Abelinda	1Abeline	1Abélinia	1Abelle	1Abellia	1Abelone	1Ada	1Adela	1Adelaida	1Adélia	1Adelice	1Adelicia	1Adélie	1Adelina	1Adelinda	1Adelinde	1Adelise	1Adenora	1Adoniñe	1Adriana	1Adriane	1Aela	1Agara	1Agata	1Agate	1Agatella	1Agatha	1Ageda	1Aginaga	1Aglaia	1Aglaïane	1Agnèsa	1Agnese	1Agnesina	1Agurne	1Agurtzane	1Agustina	1Aguxtina	1Aïcha	1Ainara	1Ainesa	1Ainhoa	1Aintza	1Aintzane	1Aintzine	1Aisha	1Akorda	1Alaba	1Alaia	1Alana	1Alazne	1Alba	1Albana	1Albanie	1Albertina	1Albina	1Albine	1Albinie	1Albira	1Alcée	1Aldéa	1Aldegonde	1Aldora	1Aleandra	1Alégria	1Aleonora	1Alesandese	1Alessandra	1Alessia	1Alessina	1Alexa	1Alexandria	1Alexane	1Alexie	1Alexina	1Alexine	1Alfrèda	1Alfredine	1Alicia	1Aliette	1Alina	1Alinda	1Alisa	1Alisée	1Alissa	1Alissende	1Alissia	1Aliza	1Alizée	1Alizia	1Allissia	1Alma	1Alméa	1Alméria	1Almira	1Almuza	1Alodia	1Aloma	1Aloña	1Aloyse	1Alphéa	1Althéa	1Alvana	1Alvanna	1Alvina	1Alvine	1Alvira	1Alycia	1Alyssa	1Alyssia	1Amadéa	1Amadia	1Amagoia	1Amaia	1Amalia	1Amalie	1Amanda	1Amandaline	1Amane	1Amarande	1Amarante	1Amarita	1Amaya	1Ambra	1Ambre	1Ambrine	1Ambroisine	1Ambrosia	1Amelia	1Amelina	1Ameline	1Amellia	1Ametza	1Amicie	1Amiliana	1Amira	1Ana	1Anabelle	1Anadela	1Anaëlle	1Anastasia	1Anatolia	1Anatolie	1Anatoline	1Andaraza	1Andéanne	1Andere	1Andia	1Andoliñe	1Andone	1Andoniñe	1Andrea	1Andréanne	1Andreauria	1Andreba	1Andrekina	1Andreona	1Andreota	1Andresa	1Andreva	1Andromaka	1Andromaque	1Ane	1Anémone	1Angela	1Angélica	1Angélika	1Angélina	1Angie	1Angiola	1Anglesa	1Angostina	1Ania	1Aniela	1Anissa	1Anitza	1Anixe	1Annabella	1Annaëlle	1Annelie	1Annelore	1Annelotte	1Annelyse	1Annerose	1Anselma	1Anthéa	1Anthonine	1Antigone	1Antoinella	1Antonia	1Antonie	1Antsa	1Antxa	1Antxone	1Anuska	1Aoda	1Aodrena	1Apala	1Apirka	1Apoline	1Apolonia	1Appoline	1Araia	1Arama	1Arana	1Arañe	1Aranea	1Arantxoa	1Arantza	1Arboa	1Arbona	1Arene	1Argentine	1Argia	1Argine	1Argitxa	1Ariana	1Arianna	1Arianne	1Aricie	1Arima	1Aristée	1Arkaia	1Arlène	1Arlina	1Arlinda	1Arline	1Armance	1Armandine	1Armantia	1Armedaña	1Armela	1Armentia	1Arnaude	1Arregina	1Arregiñe	1Arriaga	1Arrieta	1Arroja	1Arrosa	1Arroxa	1Artiga	1Arzela	1Arzhula	1Arzhura	1Asella	1Aselle	1Asentzia	1Astère	1Astrée	1Atalia	1Ataresa	1Atenea	1Athalia	1Athalie	1Athalina	1Athanasia	1Athena	1Athenea	1Attalia	1Attalie	1Aubérie	1Auda	1Audrena	1Audrène	1Augustina	1Auréa	1Aurégane	1Aurela	1Aurelne	1Auria	1Auriane	1Auriola	1Aurora	1Austie	1Austina	1Austiñe	1Automne	1Avela	1Avelina	1Aveline	1Ayse	1Azéla	1Azélie	1Azeline	1Azella	1Azenora	1Azila	1Azilda	1Aziza	1Babe	1Babesne	1Bahia	1Bakarne	1Bake	1Bakene	1Balere	1Baptista	1Baptistine	1Barba	1Barbera	1Barberine	1Barria	1Bartholomée	1Bartolomea	1Bartolomée	1Basilia	1Basilissa	1Basille	1Bastiana	1Bastiane	1Bastianne	1Bathilda	1Bathilde	1Baudoine	1Baudouine	1Baya	1Bazkaoara	1Bazkaora	1Béa	1Bée	1Begoña	1Bela	1Belangera	1Belate	1Belengera	1Bélina	1Bélinda	1Béline	1Belita	1Bella	1Belle	1Beltranitza	1Beltraniza	1Benantzia	1Benardiñe	1Benate	1Bendita	1Benedetta	1Benedicta	1Bénédictine	1Benedita	1Bénilde	1Beniñe	1Benita	1Benniga	1Bérangère	1Bernadeta	1Bernadetta	1Bernarda	1Bernarde	1Bernardine	1Bernice	1Bernie	1Beronika	1Berta	1Berteline	1Bertha	1Berthilde	1Bertile	1Bertilie	1Bertolomea	1Bertolota	1Besse	1Bessie	1Bethilda	1Bethina	1Betisa	1Betixa	1Betiza	1Betriska	1Bianca	1Bianka	1Bibiana	1Bibiñe	1Bidane	1Biganna	1Bingene	1Birgitta	1Birkita	1Bita	1Bitonia	1Bitore	1Bittore	1Bitxilore	1Bixenta	1Bizenta	1Blanca	1Blanchette	1Blanka	1Bluette	1Bona	1Boneta	1Bonnie	1Bonora	1Brandana	1Brenda	1Brendana	1Briaga	1Brianne	1Briega	1Brigita	1Brigitta	1Briolange	1Brita	1Brittanie	1Brivaela	1Brivela	1Brunaelle	1Brune	1Brunehilde	1Brunella	1Brunetta	1Calia	1Calixa	1Calliope	1Callista	1Calliste	1Callixte	1Camélia	1Camélie	1Camélina	1Caméline	1Camella	1Camellia	1Camila	1Camilia	1Camilla	1Camillia	1Candice	1Candida	1Candie	1Candyce	1Canelle	1Cannelle	1Cara	1Caralia	1Caralie	1Carina	1Carla	1Carlie	1Carline	1Carlotta	1Carlyne	1Carmela	1Carmélia	1Carmélice	1Carmélie	1Carmelita	1Carmelle	1Carmencita	1Carmina	1Carmine	1Carola	1Carolane	1Carolina	1Carolyne	1Casandra	1Cassandra	1Cassandria	1Cassie	1Cassiopée	1Catalina	1Caterina	1Catharine	1Cathelle	1Cathia	1Cathie	1Catiana	1Catiane	1Catriona	1Cécilia	1Céciliane	1Cécilie	1Céléna	1Célesta	1Célestina	1Célestine	1Céliane	1Célie	1Célimène	1Célina	1Cendrine	1Cerise	1Cerisette	1Césarie	1Césarina	1Cesarita	1Chaïma	1Channelle	1Charlaine	1Charlène	1Charletta	1Charlette	1Charleza	1Charline	1Charlyne	1Charmaine	1Chelsea	1Chérie	1Cheyenne	1Chiara	1Chrislaine	1Chrissie	1Christabelle	1Christèle	1Christiana	1Christie	1Christilla	1Christina	1Chryslene	1Chrystelle	1Cinderella	1Cindie	1Cinnie	1Cirila	1Cirilla	1Ciriola	1Cirola	1Clare	1Clarette	1Clarice	1Clarie	1Clarinda	1Clarine	1Clarissa	1Claudelle	1Claudia	1Claudienne	1Cléa	1Clélie	1Clémenta	1Clémente	1Cléopatra	1Cléopatre	1Clérilda	1Clésianne	1Clodette	1Cloé	1Cloelia	1Clorine	1Clothilde	1Clotilda	1Coletta	1Colinda	1Coline	1Colinette	1Collie	1Colline	1Colombine	1Colyne	1Connie	1Constancia	1Constante	1Constantina	1Constantine	1Corabella	1Corabelle	1Coralee	1Coraline	1Coralise	1Cordelia	1Cordélie	1Corella	1Corentina	1Coria	1Corie	1Corina	1Corine	1Cornélia	1Cornelienne	1Cosette	1Cristèle	1Cristelle	1Cristiana	1Cristiane	1Cunégonde	1Cybelle	1Cylia	1Cyllia	1Cyndie	1Cynthia	1Cypriane	1Cyprienne	1Cyriane	1Cyrielle	1Cyrilla	1Dala	1Dalia	1Daliana	1Daliane	1Dalila	1Damia	1Damiana	1Damiane	1Damielle	1Damienne	1Dana	1Danae	1Danele	1Dania	1Danie	1Daniela	1Danila	1Daphnée	1Dara	1Daralea	1Darianne	1Darice	1Darie	1Dariella	1Darielle	1Darisa	1Darissa	1Darlane	1Darlene	1Darline	1Darquise	1Dauphine	1Daviane	1Davida	1Davina	1Deana	1Deanna	1Debbie	1Débora	1Debra	1Delea	1Delfina	1Delia	1Delila	1Delima	1Délina	1Delinda	1Déliska	1Della	1Delphina	1Delvina	1Demetria	1Deneza	1Deniela	1Denoela	1Desdémone	1Desiderata	1Desideria	1Devilia	1Diana	1Dianna	1Dianne	1Didiane	1Dina	1Dionysa	1Dionyse	1Diva	1Dolfina	1Dolore	1Dolorita	1Domange	1Domeka	1Domenga	1Domenge	1Domenica	1Domikutza	1Dominga	1Dominica	1Dominika	1Dominixa	1Dominixe	1Dominka	1Domitia	1Domitiane	1Domitie	1Domitienne	1Donata	1Donate	1Donatella	1Donatiane	1Donazuria	1Doneta	1Donetzine	1Donia	1Dora	1Dorbeta	1Dorette	1Doria	1Doriana	1Dorice	1Dorilla	1Dorina	1Dorinda	1Dorine	1Dorote	1Dorotea	1Dorothea	1Dota	1Doumenge	1Doumenique	1Dulcina	1Dunixe	1Dunna	1Drusilla	1Eba	1Ebonie	1Eda	1Edana	1Ederna	1Ederne	1Ederra	1Edina	1Edita	1Edite	1Edmonda	1Edmonde	1Edmondine	1Edmontine	1Edna	1Edouarda	1Edouardina	1Edurne	1Edvige	1Edvina	1Edwina	1Effie	1Efflamma	1Eflamma	1Egia	1Eglé	1Egléa	1Egmonde	1Eguene	1Egurskiñe	1Eguzkiñe	1Ekhiñe	1Elaia	1Elaine	1Elaya	1Elberta	1Elbira	1Elbireta	1Elbirona	1Elda	1Eléa	1Elena	1Elène	1Elénore	1Eleonora	1Eleuteria	1Eleuthéria	1Elia	1Eliana	1Eliette	1Elina	1Elisa	1Elisabete	1Elisée	1Elisianne	1Elissa	1Elissande	1Elixabete	1Elixane	1Elixène	1Eliza	1Ellene	1Ellie	1Elma	1Elmira	1Elmire	1Elmorina	1Elodia	1Eloirine	1Eloïse	1Elora	1Else	1Elseline	1Elsie	1Elsméralda	1Eluska	1Elva	1Elvera	1Elvia	1Elvie	1Elvina	1Elvine	1Elvira	1Elyse	1Elzire	1Emanuelle	1Emazteona	1Emelie	1Emélina	1Emelyne	1Emeralda	1Emeraude	1Emérencienne	1Emérende	1Emerilde	1Emie	1Emilda	1Emilia	1Emiliane	1Emiline	1Emmanuella	1Emmeline	1Enara	1Enea	1Eneka	1Enekoiza	1Enola	1Enora	1Entonie	1Eode	1Eozena	1Eponine	1Ergiña	1Erica	1Ericka	1Erita	1Erlea	1Ermelinda	1Ermelinde	1Ermeline	1Ernesta	1Ernestina	1Erramona	1Erramune	1Erregina	1Erregine	1Errita	1Erromane	1Errosa	1Erroxa	1Errukine	1Errupiñe	1Erwana	1Eskarne	1Esmene	1Esmeralda	1Espe	1Espérance	1Esra	1Estebania	1Estebenia	1Estefana	1Estefania	1Estella	1Estephanette	1Etheline	1Ethelle	1Etiennette	1Eudocie	1Eudora	1Eudoxia	1Eudoxie	1Eufemia	1Eugena	1Eugenia	1Eukene	1Eulalia	1Eulalie	1Eunice	1Euphémia	1Euphémie	1Euphenia	1Euphrasie	1Euridice	1Euridize	1Eurielle	1Europa	1Europe	1Eurydice	1Eusebe	1Eusebia	1Eusèbie	1Eutropia	1Euzèbia	1Euzèbie	1Evana	1Evangéline	1Eve	1Evelina	1Eveline	1Evie	1Evita	1Exaurine	1Exilia	1Fabia	1Fabiana	1Fabiane	1Fabianne	1Fabie	1Fabricia	1Fadette	1Fanélie	1Fanette	1Fannelle	1Fannette	1Fannie	1Fanta	1Fantine	1Farida	1Fatima	1Fausta	1Fauste	1Faustina	1Faviola	1Fede	1Fédélina	1Fédérica	1Félice	1Félicia	1Felipa	1Felisa	1Felizia	1Felizitate	1Féodora	1Ferdinanda	1Ferdinande	1Fermina	1Fernanda	1Ferranda	1Ferrera	1Ferroudja	1Fidela	1Fidelia	1Fila	1Filia	1Filiberta	1Filipa	1Filipia	1Filippa	1Filippina	1Filizia	1Filomena	1Filomène	1Fimia	1Fiona	1Firmina	1Flavia	1Flaviana	1Fleurance	1Fleurette	1Fleurine	1Floralie	1Florange	1Flore	1Florella	1Florencia	1Florenta	1Florentza	1Florentzia	1Florestine	1Florette	1Floria	1Floriane	1Florica	1Florida	1Floride	1Florie	1Florina	1Florinda	1Florinde	1Florintxa	1Florrie	1Fortuna	1Fortune	1Fortunée	1Franca	1Franceline	1Francesca	1Francianne	1Francienne	1Frañseza	1Frantsesa	1Frantxa	1Frantxixa	1Frantzesa	1Frantziska	1Freda	1Freddie	1Frederica	1Frédérika	1Frieda	1Frontina	1Fulvia	1Fulvie	1Gabia	1Gabriela	1Gabriele	1Gabriella	1Gaela	1Gaëlla	1Gaétane	1Gaétanne	1Gahaxina	1Gaïa	1Gaïane	1Gaida	1Galia	1Galina	1Galla	1Gallia	1Galliane	1Gallienne	1Gana	1Garaine	1Garance	1Garaxane	1Garbie	1Garbiñe	1Garoa	1Garoña	1Gartze	1Gartzene	1Garzia	1Gasparine	1Gastone	1Gatiane	1Gatienne	1Gauthière	1Gaxia	1Gaxina	1Gaxine	1Gaxuxa	1Geaxane	1Geaxia	1Geaxine	1Gehaxina	1Gemma	1Geneva	1Genevriévre	1Génie	1Genna	1Gennia	1Genovefa	1Genoveva	1Gentiane	1Gentienne	1Georgianne	1Georgie	1Géralda	1Gérardine	1Geraxane	1Geraxina	1Gérémia	1Gergoana	1Gerizpe	1Germana	1Germene	1Germina	1Germinie	1Giacomina	1Gianina	1Gianna	1Gilaine	1Gilberta	1Gilda	1Gilleberte	1Gillette	1Gina	1Ginnie	1Giorgia	1Giovanna	1Giralda	1Gisela	1Giselle	1Gislaine	1Giulia	1Giuliana	1Glenda	1Gloria	1Glorianne	1Godalupe	1Godiva	1Goizane	1Gorane	1Gostanza	1Gotzone	1Goulvena	1Goulwena	1Gracia	1Graciana	1Gracianne	1Gracie	1Gracielle	1Graciosa	1Graxana	1Graxia	1Graxiana	1Graze	1Grazia	1Graziana	1Grazide	1Grazilla	1Graziosa	1Graziusa	1Gregoria	1Greta	1Gudule	1Guénaëlle	1Guénola	1Guilaine	1Guillaine	1Guillema	1Guillemette	1Guillemine	1Guillerma	1Guislaine	1Gurenda	1Gurtza	1Gurvana	1Gustava	1Guylaine	1Guyonne	1Gweltaza	1Gwenaela	1Gwendolyne	1Gwenhaela	1Gwenina	1Gwenna	1Gwennaelle	1Haiza	1Haize	1Haizea	1Hanna	1Hannele	1Hariette	1Harméline	1Harmonia	1Harmonie	1Hatice	1Haude	1Haydée	1Hazelle	1Hectoria	1Hectorienne	1Hectorine	1Hedda	1Hedwige	1Hegoa	1Heifara	1Heimana	1Hélaine	1Heldéa	1Hélée	1Héléna	1Helenia	1Héliéna	1Hélinie	1Helixane	1Helma	1Helonna	1Helsa	1Hemma	1Hendrika	1Henrietta	1Herberte	1Heremoana	1Hermana	1Hermance	1Hermanne	1Hermanse	1Hermelinda	1Hermelinde	1Hermeline	1Hermiène	1Hermina	1Hermione	1Hervea	1Herveline	1Herveva	1Hilaria	1Hilarie	1Hilda	1Hilde	1Hildegonde	1Himelinda	1Himeline	1Hina	1Hinatea	1Hipolita	1Hirune	1Hodeiza	1Hoela	1Honora	1Hortensia	1Hostaizka	1Houarneva	1Hubertine	1Huga	1Hugoline	1Hugone	1Hurraka	1Ianna	1Iasmina	1Ibabe	1Ibaia	1Ibone	1Ida	1Idaline	1Ide	1Idoia	1Ielena	1Ielene	1Ienega	1Igarotxe	1Igarotze	1Ignatia	1Igoa	1Igone	1Igora	1Igorne	1Igorre	1Ihintsa	1Ihintza	1Ihitsa	1Ihitza	1Ikerne	1Ilana	1Ilda	1Ildegarde	1Ilenia	1Iliana	1Iliane	1Illenia	1Ilona	1Iltuda	1Imelda	1Imene	1Imma	1India	1Indira	1Indra	1Inesa	1Inge	1Inma	1Ioanna	1Ioena	1Iola	1Iolanda	1Iolande	1Iona	1Iphigénie	1Iréa	1Irena	1Irenca	1Irénéa	1Iriena	1Irina	1Irmeline	1Irmina	1Irmine	1Irune	1Iruntze	1Irvine	1Irvinia	1Isa	1Isabela	1Isabella	1Isadora	1Isaline	1Isaure	1Iscia	1Iseline	1Isia	1Isice	1Ismelda	1Ismena	1Ismene	1Isolde	1Isoline	1Itsane	1Itsasne	1Iturrieta	1Ivana	1Ivanka	1Ivanne	1Iveline	1Ivena	1Ivette	1Ivona	1Ivone	1Ixia	1Ixone	1Izabela	1Izaga	1Izarra	1Izia	1Jabiera	1Jacinte	1Jacoba	1Jacobée	1Jacobienne	1Jacobina	1Jacobine	1Jacquelène	1Jacquemine	1Jacquine	1Jade	1Jaima	1Jaione	1Jakeza	1Jakinda	1Jalila	1Jamie	1Jamila	1Jamilla	1Jamille	1Jana	1Jane	1Janetta	1Janice	1Janie	1Janika	1Janina	1Janine	1Janita	1Janka	1Janna	1Jannice	1Jannila	1Jannine	1Janvière	1Janyce	1Jasmée	1Jasmina	1Jasone	1Javière	1Jaya	1Jayne	1Jeanaëlle	1Jeanette	1Jeanie	1Jeanine	1Jeanna	1Jeannette	1Jeannice	1Jeannie	1Jehanne	1Jehannette	1Jenna	1Jenofa	1Jenovefa	1Jéromia	1Jéromine	1Jésabelle	1Jessie	1Jezekela	1Jildaza	1Joana	1Joaneta	1Joanie	1Joanina	1Joaninha	1Joanisse	1Joanitza	1Joaniza	1Joanna	1Joanne	1Joannie	1Joaquine	1Joceline	1Jocelyne	1Jodie	1Joela	1Johana	1Johane	1Johanika	1Johanna	1Jokie	1Jokiñe	1Jolaine	1Jolanda	1Jolande	1Jolanta	1Jolyanne	1Jona	1Jone	1Jordana	1Joscelaine	1Josebe	1Josée	1Joséfina	1Joséfine	1Josépha	1Josèphe	1Joséphina	1Josianne	1Josie	1Josine	1Josseline	1Josselyne	1Jossie	1Josune	1Josyane	1Josylaine	1Jovanka	1Jovette	1Joxepa	1Joxune	1Joyce	1Jozephina	1Juana	1Juane	1Juanita	1Judie	1Judite	1Judithe	1Juditte	1Julene	1Juliana	1Juliane	1Julianne	1Julietta	1Juline	1Juna	1June	1Jurdana	1Jurdaneta	1Justa	1Justice	1Justina	1Juxta	1Kahina	1Kaiene	1Kalare	1Kalie	1Kalinka	1Kaliope	1Kalliope	1Kamelia	1Kamila	1Kamilia	1Kamilla	1Kanna	1Kaoura	1Kaourantina	1Kaourintina	1Kara	1Karelle	1Karene	1Karia	1Kariana	1Kariane	1Karima	1Karina	1Karitate	1Karla	1Karlèna	1Karlène	1Karlina	1Karlota	1Karlotta	1Karmele	1Karola	1Karolane	1Karolina	1Kassandra	1Katalina	1Katalinta	1Katarina	1Kate	1Katelina	1Kateline	1Katelle	1Katerina	1Katharine	1Katherina	1Katherine	1Katisa	1Katixa	1Katrina	1Kattalina	1Kattaline	1Kayla	1Kéliane	1Kelmente	1Kemila	1Kenza	1Kepe	1Kermeilde	1Kesare	1Kiana	1Kiara	1Kiliane	1Killiane	1Kistie	1Kistiñe	1Kitiara	1Klara	1Klarina	1Klarissa	1Klaudia	1Klemene	1Klémentine	1Kleopata	1Klervia	1Klodina	1Klodine	1Klothilda	1Klothilde	1Koldobike	1Kolete	1Kondesa	1Konstantza	1Kontesa	1Kora	1Kosepa	1Kosma	1Kostansa	1Kostanza	1Koulma	1Koupaïa	1Krisinda	1Krista	1Kristèle	1Kristiana	1Kristina	1Kristobala	1Kupiñe	1Labira	1Laelia	1Laeliana	1Laésianne	1Laeticia	1Laetitianne	1Laetitienne	1Laida	1Laiene	1Laila	1Laititia	1Lalia	1Lallie	1Lamia	1Lana	1Landerra	1Lange	1Laora	1Lariane	1Larie	1Larrara	1Larraza	1Larrosa	1Laura	1Laurane	1Lauranna	1Lauranne	1Lauréa	1Laureana	1Lauréanne	1Laurée	1Laurelina	1Laureline	1Laurella	1Laurelle	1Laurena	1Laurenca	1Laurène	1Laurentienne	1Laurentxa	1Laurentza	1Lauriane	1Laurianne	1Laurine	1Lauryne	1Leana	1Léandra	1Léandria	1Leda	1Lee	1Leena	1Lélia	1Léliane	1Lenka	1Lennie	1Lénonie	1Lénora	1Lénore	1Léocadie	1Leokadia	1Léona	1Léonarda	1Léonarde	1Léondine	1Léonella	1Léonia	1Léonida	1Léonide	1Léonilda	1Léonne	1Leonora	1Léonore	1Léontia	1Létitia	1Letizia	1Leyla	1Lezana	1Lezeta	1Lia	1Liana	1Liane	1Lianne	1Libbie	1Libe	1Lide	1Lidia	1Lidie	1Lila	1Lilia	1Liliana	1Lina	1Lionia	1Lisabe	1Livia	1Livie	1Liza	1Loba	1Lodovica	1Loeiza	1Loélia	1Loïse	1Loiza	1Lolie	1Loona	1Lopeiza	1Lorea	1Loredana	1Loredane	1Lorena	1Lorène	1Lorentxa	1Lorentza	1Lorenza	1Loreta	1Lorete	1Lorie	1Lorine	1Lorna	1Louanne	1Louisa	1Louisanna	1Louiselle	1Louisette	1Louisianne	1Luana	1Lucia	1Lucianne	1Lucile	1Lucilia	1Lucilla	1Lucina	1Lucinda	1Lucinde	1Lucine	1Ludivina	1Ludivine	1Ludovica	1Luisa	1Luixa	1Lukeiza	1Lukene	1Lukesa	1Lukretzia	1Lukrezia	1Lumina	1Luna	1Lupe	1Lusia	1Luxia	1Luzia	1Lyane	1Lydia	1Lydiane	1Lydianne	1Lynda	1Lynne	1Lysa	1Lysandre	1Lysanne	1Lyse	1Lysiannelucille	1Lysianne	1Maaike	1Mabelia	1Mabella	1Mabelle	1Macha	1Madalena	1Maddalena	1Maddie	1Madelaine	1Madelina	1Madeline	1Madge	1Madina	1Mae	1Maela	1Maëline	1Maeva	1Mafalda	1Magalie	1Magdalaine	1Magdalena	1Magdalène	1Magdalina	1Magdaline	1Maggie	1Maguelone	1Maguelonne	1Maia	1Maiana	1Maidominika	1Maika	1Mailie	1Maina	1Maine	1Maintzia	1Maiona	1Maiora	1Maisie	1Maïssa	1Maïssane	1Maitana	1Maitane	1Maitena	1Maitesa	1Maitilde	1Maïwena	1Maiwenna	1Maja	1Majorie	1Malaurie	1Malena	1Malha	1Malika	1Malinda	1Mallaurie	1Malorie	1Malvina	1Mance	1Maneiza	1Manna	1Mannie	1Manolita	1Mantzia	1Manuela	1Manuelita	1Manuella	1Maodana	1Maodanna	1Maora	1Maore	1Mara	1Marcelina	1Marceline	1Marcella	1Marcellina	1Marcia	1Marcianne	1Marcie	1Marélie	1Maréva	1Margaita	1Margaite	1Margalite	1Marganne	1Margarita	1Margerie	1Margie	1Marguerie	1Mariaenea	1Mariaka	1Mariame	1Mariana	1Mariane	1Marianeta	1Marianka	1Marianna	1Maria-teresa	1Mariaurra	1Mari-baptista	1Maribelle	1Marica	1Mariele	1Mariella	1Marieta	1Marijana	1Marijane	1Marijose	1Marika	1Marike	1Marilène	1Mariline	1Marilyse	1Mari-maite	1Marinella	1Marineta	1Marinetta	1Marinka	1Mariola	1Mariona	1Marisa	1Marise	1Mariska	1Marissa	1Marita	1Marivona	1Marixa	1Marjana	1Marjelle	1Marka	1Markele	1Marlaine	1Marline	1Marlyse	1Marsha	1Marsia	1Marsie	1Marta	1Martha	1Martianne	1Martienne	1Martina	1Martixa	1Martta	1Martxelina	1Martxeline	1Martzaline	1Martzeline	1Marusca	1Marwa	1Marya	1Marybelle	1Maryline	1Marylise	1Maryne	1Mata	1Mate	1Matea	1Matelda	1Mateoisa	1Matheline	1Mathida	1Mathilda	1Mathurine	1Matiena	1Matilda	1Matilde	1Matilina	1Matte	1Mattie	1Mattilda	1Maturina	1Maude	1Maudie	1Maura	1Mauraine	1Maurane	1Mauricienne	1Maurie	1Maurine	1Maxa	1Maxence	1Maxima	1Maximiliane	1Maxine	1Maya	1Mayana	1Maybelle	1Mayia	1Mazheva	1Méa	1Meckele	1Mectilde	1Médérise	1Médora	1Mégane	1Meganne	1Meggie	1Meghane	1Megtilda	1Mektilde	1Melena	1Mélène	1Mélia	1Méliana	1Mélie	1Mélika	1Mélina	1Méline	1Mélisa	1Mélisande	1Melisenda	1Melisende	1Mélissande	1Mélissandre	1Mélisse	1Mélissia	1Mellie	1Mélodie	1Mélusine	1Melvina	1Mélyna	1Mélynda	1Mélyssa	1Mence	1Mérielle	1Mérilda	1Mériza	1Mertxe	1Merzede	1Mesede	1Metze	1Mevena	1Mia	1Michaëla	1Michaële	1Michaelle	1Michelina	1Michelle	1Michelline	1Mickaëla	1Mickaëlle	1Miempie	1Mietta	1Mika	1Mikaela	1Mikaéline	1Mikaëlle	1Mikela	1Mikele	1Mila	1Milaga	1Miléna	1Milia	1Milka	1Mina	1Mine	1Minna	1Minnie	1Mira	1Mirabelle	1Mirana	1Miranda	1Mirca	1Mireia	1Mirella	1Mirena	1Miria	1Mirianne	1Moana	1Modana	1Modestie	1Modestine	1Moéa	1Moira	1Moïsette	1Mona	1Monette	1Monica	1Monie	1Monika	1Montaine	1Morane	1Morgaine	1Morgana	1Morgane	1Morganne	1Moricette	1Morine	1Morvana	1Muguette	1Munia	1Muriele	1Murielle	1Mylène	1Myra	1Myriame	1Myrielle	1Myrna	1Nabara	1Nabarra	1Nabarre	1Nadette	1Nadina	1Nadja	1Nadya	1Naemia	1Naiara	1Naïma	1Nana	1Nance	1Nancie	1Naomie	1Narbona	1Natalena	1Natalène	1Natalia	1Natalie	1Natalina	1Nataline	1Natasha	1Nathalia	1Nekane	1Nélia	1Nella	1Nellie	1Nere	1Nerea	1Nérine	1Nesrine	1Netta	1Nettie	1Nevena	1Nickie	1Nicolette	1Nicoline	1Nikole	1Nikolia	1Nima	1Ninoga	1Nita	1Noamie	1Noela	1Noële	1Noélie	1Noëline	1Noëlla	1Noëllie	1Nola	1Nolana	1Nolvene	1Nona	1Nonna	1Norina	1Norine	1Norma	1Nouela	1Noura	1Nymphe	1Nymphéa	1Obaldine	1Obélia	1Obélide	1Obélie	1Obélienne	1Obéline	1Obélinie	1Obella	1Océana	1Océane	1Océanne	1Octavia	1Octavie	1Octavienne	1Odélia	1Odélice	1Odélide	1Odélie	1Odelinda	1Odelinde	1Odeline	1Odélinie	1Odélisa	1Odélise	1Odélisse	1Odella	1Odelle	1Odéna	1Odénia	1Odénie	1Odessa	1Odilia	1Odilie	1Odille	1Odyssée	1Ofelia	1Ofira	1Ohanna	1Ohiana	1Ohiane	1Oinaze	1Ola	1Olalia	1Olalla	1Olathe	1Olathia	1Olesia	1Olexa	1Olicia	1Olina	1Olinpia	1Oliva	1Olive	1Olivea	1Olivianne	1Oloaia	1Olympe	1Olympia	1Ombline	1Oméya	1Ona	1Ondine	1Onenna	1Opaline	1Ophelia	1Ophélie	1Ophira	1Orama	1Orana	1Orane	1Orchidée	1Orégane	1Oria	1Oriana	1Oriane	1Oribita	1Oriola	1Orla	1Orlane	1Ornella	1Orose	1Orria	1Ortisa	1Osana	1Osane	1Osmonde	1Othilie	1Otsana	1Otsanda	1Otsoa	1Otsoiza	1Ottavia	1Otxanda	1Otxeka	1Oxana	1Ozana	1Paciane	1Pacifica	1Pacomette	1Padriga	1Pake	1Pakea	1Pakita	1Palma	1Palmira	1Palmire	1Palmyre	1Paloma	1Palome	1Palomia	1Pamelia	1Pandore	1Panpoxa	1Pantxika	1Pantxike	1Paquita	1Parfaite	1Paskala	1Paskasia	1Paskella	1Patience	1Patriciane	1Patxika	1Paulia	1Paulina	1Paulita	1Paxhalina	1Pederna	1Pedruxa	1Peggie	1Peirona	1Pélagie	1Pellkita	1Penelope	1Peregrina	1Peritza	1Perle	1Perline	1Pernette	1Perona	1Péronele	1Péronelle	1Peronille	1Peronina	1Perotza	1Perrinette	1Perutxa	1Petexa	1Petra	1Pétrone	1Pétronelle	1Pétronia	1Petronilla	1Pétronille	1Pétunia	1Peyronne	1Peyronnelle	1Phelia	1Phila	1Philadelphie	1Philine	1Philippa	1Philippine	1Phillie	1Phoébé	1Phylicia	1Pia	1Pierrine	1Pietate	1Pilare	1Poe	1Poemoana	1Pola	1Pome	1Pompea	1Pompeia	1Pozne	1Precilia	1Precillia	1Predena	1Prescilia	1Prescilla	1Prescillia	1Pricilla	1Prima	1Primela	1Primerose	1Primia	1Primizia	1Priscila	1Priscilia	1Priscille	1Priscillia	1Priska	1Priskilla	1Prissie	1Privela	1Prizilla	1Prudencia	1Prudentxia	1Prudentzia	1Prudie	1Prune	1Prunella	1Prunelle	1Quinta	1Quinte	1Quintia	1Quintila	1Quintina	1Quiterie	1Quitterie	1Pierra	1Otxoa	1Rachele	1Rachelle	1Rachilde	1Rachile	1Radegonde	1Rafaela	1Raimunda	1Ramona	1Raphaëla	1Raphaële	1Raymonne	1Rebeka	1Regina	1Reina	1Reine	1Remona	1Remonda	1Rénaldine	1Renata	1Renaude	1Resa	1Resana	1Reunana	1Rhoda	1Rhode	1Rhodia	1Richarde	1Richardine	1Riwana	1Roberta	1Robertine	1Robine	1Roia	1Rolanda	1Roma	1Romaine	1Romana	1Romane	1Romea	1Ronana	1Ronnie	1Rosabella	1Rosalba	1Rosalbanne	1Rosalia	1Rosalinde	1Rosamonde	1Rosana	1Rosane	1Rosanna	1Rosanne	1Rosaura	1Rosaure	1Rosée	1Roselena	1Roselene	1Rosella	1Roselle	1Roselyne	1Rosemarie	1Rosemonde	1Rosetta	1Rosette	1Rosie	1Rosilda	1Rosina	1Rosine	1Rosmunda	1Roxana	1Roxane	1Roxie	1Roxine	1Rozènne	1Rufina	1Ruvona	1Sabadina	1Sabadiñe	1Sabie	1Sabienne	1Sabina	1Sabria	1Sadie	1Safia	1Sahra	1Sallie	1Salma	1Salomé	1Salomée	1Samantha	1Samira	1Samuela	1Sandrina	1Sansa	1Santxa	1Sanza	1Saphora	1Sarafina	1Sariana	1Sascha	1Sastiana	1Saura	1Sauvanne	1Savanna	1Savanne	1Sebastene	1Sebastia	1Sébastiane	1Sebastina	1Ségalène	1Sekunda	1Sélane	1Selena	1Selene	1Selina	1Selyna	1Semera	1Séphora	1Séraphine	1Séréna	1Sérène	1Sergia	1Sergiane	1Sergine	1Servana	1Servane	1Sève	1Sévéra	1Sévériane	1Séverienne	1Seza	1Shaina	1Shakira	1Shana	1Shauna	1Shawna	1Sheela	1Sheena	1Shéhérazade	1Sherazade	1Shona	1Shonda	1Shone	1Shonna	1Sibilia	1Sibylle	1Sibylline	1Sidaine	1Sidoine	1Sidonia	1Sigolaine	1Silbana	1Silbane	1Silbia	1Silva	1Silvaine	1Silvane	1Silvia	1Silviane	1Simona	1Simonetta	1Simonette	1Simonne	1Siobhane	1Sirine	1Sixtine	1Sofia	1Solaine	1Solana	1Solena	1Solène	1Solenna	1Sonja	1Sonya	1Sophia	1Sophiane	1Soraya	1Sorenza	1Sorkunde	1Stacie	1Stefania	1Stéfanie	1Steffie	1Stélina	1Stéphania	1Sue	1Susana	1Susanna	1Susette	1Susie	1Suzanna	1Suzie	1Sybille	1Sydnie	1Sylva	1Sylvène	1Sylvia	1Sylviana	1Syna	1Syrine	1Tabatha	1Tahlia	1Talia	1Talie	1Tama	1Tamie	1Tamra	1Tanaya	1Taneya	1Tangerine	1Tania	1Tanja	1Tanka	1Tanya	1Tara	1Tareja	1Taresa	1Tarina	1Tatia	1Tatiane	1Tatienne	1Taunya	1Tehexa	1Telia	1Telma	1Teodora	1Teodosia	1Teofila	1Teofilia	1Terecha	1Teresa	1Terese	1Teresita	1Terexa	1Terezie	1Terka	1Terrance	1Terrie	1Terssa	1Tesja	1Tessa	1Tessie	1Texa	1Texta	1Thaddéa	1Thalassa	1Thalia	1Thalie	1Thanya	1Théa	1Thekla	1Thelma	1Théodora	1Théodorie	1Théodorine	1Théodosie	1Théodota	1Théophania	1Theophila	1Theophilène	1Theophilia	1Théosie	1Théothilde	1Theotima	1Théotine	1Théotise	1Théotiste	1Theresa	1Theresia	1Thurine	1Tiare	1Tifaine	1Tifanie	1Tiffanie	1Tilda	1Tilde	1Tillie	1Timothea	1Tina	1Tiphanie	1Tirasia	1Tobie	1Toussainte	1Tracie	1Tréphina	1Tréphine	1Trestana	1Trifina	1Trifine	1Trinitate	1Tristana	1Tristane	1Trixie	1Trude	1Trudie	1Tuala	1Tudala	1Txartina	1Txurdana	1Tymotéa	1Typhaine	1Typhanie	1Uba	1Udane	1Udara	1Ulrica	1Ulrika	1Ulrique	1Umberline	1Urana	1Urane	1Urania	1Uranie	1Urbaine	1Urbane	1Urbia	1Urdie	1Urdina	1Urdiñe	1Uria	1Uriela	1Urielle	1Urraka	1Urraolla	1Urraxa	1Urrea	1Urrika	1Ursa	1Ursilla	1Ursillane	1Ursina	1Ursine	1Ursola	1Ursuline	1Urtsola	1Urtsula	1Urtune	1Usabia	1Usmene	1Usoa	1Usua	1Usue	1Vahine	1Vaiana	1Vaihere	1Vaitiare	1Valence	1Valencia	1Valencina	1Valène	1Valensia	1Valentia	1Valentiane	1Valentienne	1Valéra	1Valéria	1Valériane	1Valérianne	1Valerienne	1Valérina	1Valérine	1Vanesa	1Vania	1Vanille	1Vanina	1Vannie	1Véra	1Vérane	1Verona	1Veronica	1Veronika	1Vianca	1Vickie	1Victorienne	1Vincente	1Vincentine	1Vinciane	1Viola	1Violetta	1Virgine	1Virginia	1Vita	1Vittoria	1Viviana	1Vivianka	1Vivine	1Vona	1Wanda	1Wandeline	1Wassilla	1Weena	1Wendie	1Winnie	1Winona	1Xabadine	1Xabina	1Xana	1Xandra	1Xantiana	1Xaria	1Xarika	1Xarlesa	1Xavéria	1Xavérianne	1Xavérie	1Xavérine	1Xaviéra	1Xaviérine	1Xelena	1Xelina	1Xixila	1Xobadine	1Xole	1Xurdana	1Xurdina	1Yacinthe	1Yaelle	1Yamina	1Yanika	1Yanna	1Yasmina	1Yelva	1Yera	1Yeuna	1Ylenia	1Ylorie	1Ymelda	1Yoanna	1Yohanna	1Yolaine	1Yolanda	1Yolène	1Yona	1Yordana	1Yosebe	1Youla	1Youna	1Ysaline	1Yuala	1Yulene	1Yuna	1Yvaine	1Yvana	1Yvanelle	1Yvanna	1Yveline	1Yvonna	1Zabaleta	1Zahra	1Zaïna	1Zaneta	1Zaola	1Zara	1Zelestina	1Zélia	1Zélie	1Zelina	1Zezilia	1Zilia	1Zoa	1Zohra	1Zoila	1Zora	1Zorana	1Zorica	1Zoriona	1Zouè	1Zuleika	1Zuria	1Zurie	1Zuriñe	1Abonde	1Adame	1Aetza	1Aguste	1Aire	1Aita	1Aita-zuria	1Alfonse	1Amable	1Ambrose	1Amine	1Anaia	1Anaiola	1Anastase	1Anasthase	1Andde	1Andie	1Anseaume	1Antxe	1Apolinarie	1Appolinaire	1Ariihere	1Ariste	1Aristote	1Arnie	1Arotza	1Arze	1Athanase	1Aurre	1Balkoe	1Barea	1Barnaba	1Barsimée	1Barthélémie	1Bartholomé	1Batista	1Batita	1Bazkoare	1Behe	1Beltza	1Berenguié	1Bernaba	1Bernabe	1Bide	1Bixente	1Bizente	1Blake	1Bobbie	1Brevala	1Bruce	1Bryce	1Calixte	1Carle	1Cesare	1Charle	1Charlélie	1Charlemagne	1Clarence	1Clotaire	1Clyde	1Côme	1Corneille	1Cornille	1Cypriaque	1Dante	1Dave	1Davie	1Dedié	1Diegotxe	1Eddie	1Edorta	1Endrike	1Erasme	1Erle	1Estebe	1Estève	1Estiène	1Estienne	1Ettore	1Eusèbiote	1Eustache	1Exeme	1Ezkerra	1Eztebe	1Felipe	1Fiacre	1Francisque	1Frankie	1Frantxoa	1Gabrié	1Gaizka	1Garaile	1Garzola	1Gasia	1Gazte	1Gaztea	1Gentile	1Gentza	1George	1Gérôme	1Gerrie	1Girome	1Giuseppe	1Glaude	1Gonzalve	1Gora	1Gordie	1Gorka	1Gorria	1Gorrite	1Guilleme	1Gurria	1Guste	1Gwennole	1Gwenole	1Hampe	1Henne	1Henneke	1Hercule	1Herlé	1Homère	1Hona	1Horace	1Iluna	1Inguma	1Ira	1Isaïe	1Istebe	1Ixaka	1Ixtebe	1Jacmé	1Jacobe	1Jaime	1Jakoba	1Jakobe	1Jakome	1Jakube	1Jakue	1Jaoua	1Jaque	1Jaume	1Jaunjohane	1Jaunmikele	1Jauntxe	1Jayme	1Jérémia	1Jesaïa	1Jessé	1Jirome	1Joeva	1Joffre	1Johangote	1Johantxe	1Johnie	1Jorge	1Joseba	1Josepe	1Joshua	1Josse	1Jossua	1Jossué	1Jousè	1Jova	1Juda	1Jude	1Kecha	1Kepa	1Kermane	1Kola	1Koldobika	1Kose	1Kostobare	1Koxe	1Kyle	1Lance	1Larra	1Lawrence	1Lazare	1Léandre	1Léocade	1Llorente	1Lopolda	1Lothaire	1Louka	1Lucke	1Luka	1Luke	1Lunaire	1Mahe	1Maide	1Maime	1Mana	1Mandé	1Martie	1Massime	1Matia	1Mattia	1Matuta	1Matxite	1Mazhe	1Mélaire	1Micha	1Micke	1Migeltxe	1Mike	1Mikola	1Mile	1Mixelkoxe	1Nate	1Nathanae	1Nathanie	1Nehemia	1Néhémie	1Nevenoe	1Nicodème	1Nicola	1Nicomède	1Nikola	1Noa	1Nyle	1Oiertza	1Onésime	1Orbita	1Oreste	1Ortibita	1Ortle	1Otxoeta	1Otxote	1Oulivié	1Oxe	1Pacifique	1Pakota	1Pancrace	1Panpale	1Paterne	1Pazkoare	1Pedre	1Peire	1Pelela	1Perce	1Pere	1Perestua	1Perute	1Petritoa	1Phile	1Pie	1Piella	1Pilale	1Polycarpe	1Pompée	1Ponce	1Prince	1Mendekoste	1Jabrane	1Hilaire	1Gabe	1Eate	1Aixandre	1Rayane	1Richie	1Romée	1Rudolphe	1Salbatore	1Salbattore	1Salvatore	1Sante	1Santxote	1Sanuza	1Savié	1Searle	1Sebaste	1Sebastie	1Seme	1Semena	1Sendoa	1Shane	1Siloë	1Silvestre	1Sinclare	1Sixte	1Soa	1Spence	1Steeve	1Steve	1Sylvère	1Tamahere	1Tancrède	1Teanuanua	1Teddie	1Télesphore	1Téodore	1Téophane	1Térence	1Terrence	1Teva	1Théodose	1Theodote	1Théotime	1Thuria	1Time	1Timoté	1Timotée	1Timothé	1Timothée	1Toanxe	1Tobia	1Tote	1Ttale	1Ttole	1Ttotte	1Txema	1Tymoté	1Ugue	1Ulisse	1Ulrike	1Ulysse	1Umea	1Urbana	1Urtixe	1Anne-sophie	1Amina	1Assia	1Asma	1Aminata	1Anne-lise	1Anne-claire	1Aleyna	1Amelle	1Auxane	1Awa	1Vasile	1Vicente	1Vince	1Wandrille	1Wanne	1Wayne	1Xalbadore	1Xalbatore	1Xandre	1Xante	1Xebastia	1Xeme	1Xona	1Ysoie	1Yuma	1Zacharia	1Zarra	1Zavié	1Zé	1Zuzene	1Alizéa	1Assa	1Anne-marie	1Aurane	1Aya	1Bettina	1Bouchra	1Besma	1Bruna	1Badra	1Branda	1Britanie	1Brunhilde	1Bilge	1Bineta	1Bethsabee	1Bahija	1Brunelle	1Btissame	1Bakhta	1Betina	1Boutaina	1Beya	1Belynda	1Brinda	1Berthille	1Bellinda	1Bouchera	1Blondine	1Bettie	1Badia	1Bertine	1Bettyna	1Bariza	1Bachra	1Brunette	1Btisame	1Brunilde	1Bleuette	1Berthine	1Bruyère	1Balbina	1Bertrande	1Bojana	1Bertina	1Baia	1Bartha	1Basiline	1Badiaa	1Basilie	1Blandina	1Brigite	1Brigide	1Brigida	1Bibiane	1Bienaimee	1Berthile	1Bertheline	1Bouchara	1Jean-Philippe	0